氏族名,氏族英語名,標語,典型的な元人間像,氏族の詳細概要,内なる獣の衝動,氏族の呪い,狂乱の性質,取得可能な訓え一覧,訓え名,訓えの概要説明,ドット数,パワー名,系統・種別,発動タイプ,使用能力値,発動コスト,抵抗/難易度,射程/距離,持続時間,パワー概要,効果とルールの詳細 (日本語),成熟ルール (上位ドット時の強化),Rules_Description (英語原文),Maturing_Rules (英語原文)
ブルハ,Brujah,革命には情熱と力が必要だ。,政治扇動家、過激派活動家、コミュニティリーダー、ストリートギャングのリーダー、反骨の政治家,ブルハは、いかなる権威もただ権威であるという理由だけで従う価値はないと信じ、他者が疑問を持たずに受け入れている既存の社会秩序こそが打ち倒すべき対象であると考えています。ブルハであるということは、圧政や不正がどこに現れようともそれに抗い立ち向かうことを意味し、彼らにとって圧政は人間社会のみならず吸血鬼社会の至る所に存在します。彼らのサイア（親）は、既存の枠組みに屈服することを拒む人間を注意深く選び出し、抱擁（吸血鬼化）します。反抗精神と情熱を秘めた闘士たちの一族です。,反逆的 (Anti-Authority): 内なる獣は権威への挑戦と縛られたルールの破壊を要求します。指導者に異を唱え、命令に背き、権力の象徴を打ち砕くことで獣の衝動を満たします。,煮え立つ情熱 (Boiling Passion): 血が激しい情熱で煮えたぎっています。感情が常に表面で激しく波立ち、狂乱に対する抵抗の難易度が［世代修正値］分上昇します。,反逆 (Rebellion): 狂乱時、その場にいる権威者や支配的な存在に対して反逆行動を起こします。命令を拒絶し、暴動や妨害を行い、それ以外のすべての行動に［世代修正値］分のダイスペナルティを受けます。,迅速（Celerity）、怪力（Potence）、威厳（Presence）の3つの訓えを標準で習得可能です。,セレリティ (迅速・疾駆),超人的な反射速度、瞬発力、時間感覚の加速を可能にする神速の訓え。目にも留まらぬ速度で移動し、攻撃を回避し、複数回の手番を行う。,1,猫の身のこなし (Cat's Grace),1-dot Physical Celerity,アクション (Action),肉体: 敏捷力 (Dexterity),なし (None),なし (None),術者自身 (Self),1ターン (One turn),驚異的な平衡感覚を得て、細い足場や不安定な瓦礫の上を疾走する。,超自然的なバランス感覚を発揮し、ワイヤーの上、狭い突起、崩れやすい足場の上を一切転落することなく高速で走り抜ける。,"•••: 短時間であれば垂直な壁面を駆け上がることができる。
•••••: 水面や液体の表面を沈まずに駆け抜けることができる。","Move with supernatural balance, running across wires, narrow ledges, or unstable debris without falling.","•••: Can run across vertical walls for short bursts.
•••••: Can run across liquids."
ブルハ,Brujah,革命には情熱と力が必要だ。,政治扇動家、過激派活動家、コミュニティリーダー、ストリートギャングのリーダー、反骨の政治家,ブルハは、いかなる権威もただ権威であるという理由だけで従う価値はないと信じ、他者が疑問を持たずに受け入れている既存の社会秩序こそが打ち倒すべき対象であると考えています。ブルハであるということは、圧政や不正がどこに現れようともそれに抗い立ち向かうことを意味し、彼らにとって圧政は人間社会のみならず吸血鬼社会の至る所に存在します。彼らのサイア（親）は、既存の枠組みに屈服することを拒む人間を注意深く選び出し、抱擁（吸血鬼化）します。反抗精神と情熱を秘めた闘士たちの一族です。,反逆的 (Anti-Authority): 内なる獣は権威への挑戦と縛られたルールの破壊を要求します。指導者に異を唱え、命令に背き、権力の象徴を打ち砕くことで獣の衝動を満たします。,煮え立つ情熱 (Boiling Passion): 血が激しい情熱で煮えたぎっています。感情が常に表面で激しく波立ち、狂乱に対する抵抗の難易度が［世代修正値］分上昇します。,反逆 (Rebellion): 狂乱時、その場にいる権威者や支配的な存在に対して反逆行動を起こします。命令を拒絶し、暴動や妨害を行い、それ以外のすべての行動に［世代修正値］分のダイスペナルティを受けます。,迅速（Celerity）、怪力（Potence）、威厳（Presence）の3つの訓えを標準で習得可能です。,セレリティ (迅速・疾駆),超人的な反射速度、瞬発力、時間感覚の加速を可能にする神速の訓え。目にも留まらぬ速度で移動し、攻撃を回避し、複数回の手番を行う。,1,敏捷なる反射 (Rapid Reflexes),1-dot Physical Celerity,リアクション (Reaction),肉体: 敏捷力 (Dexterity),1ヴィータイ (1 Vitae),なし (None),術者自身 (Self),1ターン (One turn),神速の反射神経で身を躱し、あらゆる攻撃の防御テストを強化する。,超人的な反射速度で迫り来る攻撃を回避する。あらゆる物理攻撃に対する自身の防御プールに［セレリティのドット数］を加える。,"•••: 遮蔽物のない状態でも銃弾を回避することができる。
•••••: 回避した銃弾や投擲物の弾道を逸らして別の方向へ弾くことができる。",Dodge incoming attacks with preternatural speed. Add dots in Celerity to your defense pools against physical attacks.,"•••: Can dodge bullets without cover.
•••••: Can redirect missed projectile attacks."
ブルハ,Brujah,革命には情熱と力が必要だ。,政治扇動家、過激派活動家、コミュニティリーダー、ストリートギャングのリーダー、反骨の政治家,ブルハは、いかなる権威もただ権威であるという理由だけで従う価値はないと信じ、他者が疑問を持たずに受け入れている既存の社会秩序こそが打ち倒すべき対象であると考えています。ブルハであるということは、圧政や不正がどこに現れようともそれに抗い立ち向かうことを意味し、彼らにとって圧政は人間社会のみならず吸血鬼社会の至る所に存在します。彼らのサイア（親）は、既存の枠組みに屈服することを拒む人間を注意深く選び出し、抱擁（吸血鬼化）します。反抗精神と情熱を秘めた闘士たちの一族です。,反逆的 (Anti-Authority): 内なる獣は権威への挑戦と縛られたルールの破壊を要求します。指導者に異を唱え、命令に背き、権力の象徴を打ち砕くことで獣の衝動を満たします。,煮え立つ情熱 (Boiling Passion): 血が激しい情熱で煮えたぎっています。感情が常に表面で激しく波立ち、狂乱に対する抵抗の難易度が［世代修正値］分上昇します。,反逆 (Rebellion): 狂乱時、その場にいる権威者や支配的な存在に対して反逆行動を起こします。命令を拒絶し、暴動や妨害を行い、それ以外のすべての行動に［世代修正値］分のダイスペナルティを受けます。,迅速（Celerity）、怪力（Potence）、威厳（Presence）の3つの訓えを標準で習得可能です。,セレリティ (迅速・疾駆),超人的な反射速度、瞬発力、時間感覚の加速を可能にする神速の訓え。目にも留まらぬ速度で移動し、攻撃を回避し、複数回の手番を行う。,1,震動の手 (Vibrating Hands),1-dot Physical Celerity,アクション (Action),肉体: 敏捷力 (Dexterity),1ヴィータイ (1 Vitae),なし (None),接触 (Touch),即時 (Instant),手を高速振動させ、触れるだけで鍵や固形物を瞬時に粉砕する。,両手を極超音速で振動させ、触れた鍵を破壊し、窓ガラスを粉砕し、コンクリートに亀裂を入れる。,"•••: 強化鋼鉄製の特殊錠前をも粉砕できる。
•••••: 装甲化されたエンジンブロックすらも粉々に破壊できる。","Vibrate your hands at hyperspeed to shatter locks, shatter glass, or crack concrete with a single touch.","•••: Destroys reinforced steel locks.
•••••: Can shatter armored engine blocks."
ブルハ,Brujah,革命には情熱と力が必要だ。,政治扇動家、過激派活動家、コミュニティリーダー、ストリートギャングのリーダー、反骨の政治家,ブルハは、いかなる権威もただ権威であるという理由だけで従う価値はないと信じ、他者が疑問を持たずに受け入れている既存の社会秩序こそが打ち倒すべき対象であると考えています。ブルハであるということは、圧政や不正がどこに現れようともそれに抗い立ち向かうことを意味し、彼らにとって圧政は人間社会のみならず吸血鬼社会の至る所に存在します。彼らのサイア（親）は、既存の枠組みに屈服することを拒む人間を注意深く選び出し、抱擁（吸血鬼化）します。反抗精神と情熱を秘めた闘士たちの一族です。,反逆的 (Anti-Authority): 内なる獣は権威への挑戦と縛られたルールの破壊を要求します。指導者に異を唱え、命令に背き、権力の象徴を打ち砕くことで獣の衝動を満たします。,煮え立つ情熱 (Boiling Passion): 血が激しい情熱で煮えたぎっています。感情が常に表面で激しく波立ち、狂乱に対する抵抗の難易度が［世代修正値］分上昇します。,反逆 (Rebellion): 狂乱時、その場にいる権威者や支配的な存在に対して反逆行動を起こします。命令を拒絶し、暴動や妨害を行い、それ以外のすべての行動に［世代修正値］分のダイスペナルティを受けます。,迅速（Celerity）、怪力（Potence）、威厳（Presence）の3つの訓えを標準で習得可能です。,セレリティ (迅速・疾駆),超人的な反射速度、瞬発力、時間感覚の加速を可能にする神速の訓え。目にも留まらぬ速度で移動し、攻撃を回避し、複数回の手番を行う。,2,瞬動 (Blink),2-dot Physical Celerity,アクション (Action),肉体: 敏捷力 (Dexterity),1ヴィータイ (1 Vitae),なし (None),術者自身 (Self),即時 (Instant),目にも留まらぬ速度で移動し、中距離を一瞬で駆け抜ける。,瞬きの間に中距離（Medium）までの距離を疾走する。目撃者からは、術者がその場から消え去り、一瞬で目的地に現れたように見える。,"•••: 長距離（Long）までの距離を一瞬で移動できるようになる。
•••••: 移動時に同行者1人を抱えて共にブリンク移動できる。",Move up to Medium distance in the blink of an eye. Observers see you vanish and reappear instantly.,"•••: Move up to Long distance.
•••••: Can carry a passenger while blinking."
ブルハ,Brujah,革命には情熱と力が必要だ。,政治扇動家、過激派活動家、コミュニティリーダー、ストリートギャングのリーダー、反骨の政治家,ブルハは、いかなる権威もただ権威であるという理由だけで従う価値はないと信じ、他者が疑問を持たずに受け入れている既存の社会秩序こそが打ち倒すべき対象であると考えています。ブルハであるということは、圧政や不正がどこに現れようともそれに抗い立ち向かうことを意味し、彼らにとって圧政は人間社会のみならず吸血鬼社会の至る所に存在します。彼らのサイア（親）は、既存の枠組みに屈服することを拒む人間を注意深く選び出し、抱擁（吸血鬼化）します。反抗精神と情熱を秘めた闘士たちの一族です。,反逆的 (Anti-Authority): 内なる獣は権威への挑戦と縛られたルールの破壊を要求します。指導者に異を唱え、命令に背き、権力の象徴を打ち砕くことで獣の衝動を満たします。,煮え立つ情熱 (Boiling Passion): 血が激しい情熱で煮えたぎっています。感情が常に表面で激しく波立ち、狂乱に対する抵抗の難易度が［世代修正値］分上昇します。,反逆 (Rebellion): 狂乱時、その場にいる権威者や支配的な存在に対して反逆行動を起こします。命令を拒絶し、暴動や妨害を行い、それ以外のすべての行動に［世代修正値］分のダイスペナルティを受けます。,迅速（Celerity）、怪力（Potence）、威厳（Presence）の3つの訓えを標準で習得可能です。,セレリティ (迅速・疾駆),超人的な反射速度、瞬発力、時間感覚の加速を可能にする神速の訓え。目にも留まらぬ速度で移動し、攻撃を回避し、複数回の手番を行う。,2,神速の作業 (Rush Job),2-dot Mental Celerity,アクション (Action),精神: 機知 (Wits),1ヴィータイ (1 Vitae),なし (None),術者自身 (Self),即時 (Instant),複雑な手作業（ピッキング、武器組立、捜索等）を数秒で完了する。,ピッキング、銃器の分解組立、部屋の捜索など、本来なら数分から数十分を要する精密な物理作業を、わずか数秒で完璧に完了させる。,"•••: 数時間かかる膨大な作業をわずか1分で完了させることができる。
•••••: 暗号化された複雑な文書を一瞬で解読・筆写できる。","Complete complex manual tasks (picking locks, assembling weapons, searching a room) in mere seconds rather than minutes.","•••: Complete hours of work in one minute.
•••••: Decipher encrypted text in moments."
ブルハ,Brujah,革命には情熱と力が必要だ。,政治扇動家、過激派活動家、コミュニティリーダー、ストリートギャングのリーダー、反骨の政治家,ブルハは、いかなる権威もただ権威であるという理由だけで従う価値はないと信じ、他者が疑問を持たずに受け入れている既存の社会秩序こそが打ち倒すべき対象であると考えています。ブルハであるということは、圧政や不正がどこに現れようともそれに抗い立ち向かうことを意味し、彼らにとって圧政は人間社会のみならず吸血鬼社会の至る所に存在します。彼らのサイア（親）は、既存の枠組みに屈服することを拒む人間を注意深く選び出し、抱擁（吸血鬼化）します。反抗精神と情熱を秘めた闘士たちの一族です。,反逆的 (Anti-Authority): 内なる獣は権威への挑戦と縛られたルールの破壊を要求します。指導者に異を唱え、命令に背き、権力の象徴を打ち砕くことで獣の衝動を満たします。,煮え立つ情熱 (Boiling Passion): 血が激しい情熱で煮えたぎっています。感情が常に表面で激しく波立ち、狂乱に対する抵抗の難易度が［世代修正値］分上昇します。,反逆 (Rebellion): 狂乱時、その場にいる権威者や支配的な存在に対して反逆行動を起こします。命令を拒絶し、暴動や妨害を行い、それ以外のすべての行動に［世代修正値］分のダイスペナルティを受けます。,迅速（Celerity）、怪力（Potence）、威厳（Presence）の3つの訓えを標準で習得可能です。,セレリティ (迅速・疾駆),超人的な反射速度、瞬発力、時間感覚の加速を可能にする神速の訓え。目にも留まらぬ速度で移動し、攻撃を回避し、複数回の手番を行う。,2,優雅なる身のこなし (Willful Grace),2-dot Physical Celerity,アクション (Action),肉体: 敏捷力 (Dexterity),意志力1点 (1 Willpower),なし (None),術者自身 (Self),1シーン (One scene),軽業・平衡感覚のテストで自動成功を得て、滑らかに移動する。,アクロバット、敏捷性、平衡感覚に関するテストで自動成功を獲得し、あらゆる悪路や危険な地形を一切の滞りなく優雅に滑走する。,"•••: 転倒（足払い）や組み付き攻撃に対して完全な耐性を得る。
•••••: 莫大な距離を羽毛のように軽々と跳躍できる。","Gain automatic successes on acrobatics, agility, and balance tests, gliding effortlessly through hazardous terrain.","•••: Immune to being tripped or grappled.
•••••: Can leap enormous distances effortlessly."
ブルハ,Brujah,革命には情熱と力が必要だ。,政治扇動家、過激派活動家、コミュニティリーダー、ストリートギャングのリーダー、反骨の政治家,ブルハは、いかなる権威もただ権威であるという理由だけで従う価値はないと信じ、他者が疑問を持たずに受け入れている既存の社会秩序こそが打ち倒すべき対象であると考えています。ブルハであるということは、圧政や不正がどこに現れようともそれに抗い立ち向かうことを意味し、彼らにとって圧政は人間社会のみならず吸血鬼社会の至る所に存在します。彼らのサイア（親）は、既存の枠組みに屈服することを拒む人間を注意深く選び出し、抱擁（吸血鬼化）します。反抗精神と情熱を秘めた闘士たちの一族です。,反逆的 (Anti-Authority): 内なる獣は権威への挑戦と縛られたルールの破壊を要求します。指導者に異を唱え、命令に背き、権力の象徴を打ち砕くことで獣の衝動を満たします。,煮え立つ情熱 (Boiling Passion): 血が激しい情熱で煮えたぎっています。感情が常に表面で激しく波立ち、狂乱に対する抵抗の難易度が［世代修正値］分上昇します。,反逆 (Rebellion): 狂乱時、その場にいる権威者や支配的な存在に対して反逆行動を起こします。命令を拒絶し、暴動や妨害を行い、それ以外のすべての行動に［世代修正値］分のダイスペナルティを受けます。,迅速（Celerity）、怪力（Potence）、威厳（Presence）の3つの訓えを標準で習得可能です。,セレリティ (迅速・疾駆),超人的な反射速度、瞬発力、時間感覚の加速を可能にする神速の訓え。目にも留まらぬ速度で移動し、攻撃を回避し、複数回の手番を行う。,3,残像の突破 (Blurred Passage),3-dot Physical Celerity,アクション (Action),肉体: 敏捷力 (Dexterity),2ヴィータイ (2 Vitae),なし (None),術者自身 (Self),即時 (Instant),分子レベルで肉体を高速振動させ、壁や扉をすり抜ける。,肉体の分子振動を極限まで加速させることで、固体の壁や強固な扉を傷つけることなくそのまま通り抜ける。,•••••: 銀行の金庫扉のような軍事規格の強化装甲壁をもすり抜けられる。,Vibrate your molecules so fast that you phase through a solid wall or door without damage.,•••••: Can phase through bank-grade reinforced barriers.
ブルハ,Brujah,革命には情熱と力が必要だ。,政治扇動家、過激派活動家、コミュニティリーダー、ストリートギャングのリーダー、反骨の政治家,ブルハは、いかなる権威もただ権威であるという理由だけで従う価値はないと信じ、他者が疑問を持たずに受け入れている既存の社会秩序こそが打ち倒すべき対象であると考えています。ブルハであるということは、圧政や不正がどこに現れようともそれに抗い立ち向かうことを意味し、彼らにとって圧政は人間社会のみならず吸血鬼社会の至る所に存在します。彼らのサイア（親）は、既存の枠組みに屈服することを拒む人間を注意深く選び出し、抱擁（吸血鬼化）します。反抗精神と情熱を秘めた闘士たちの一族です。,反逆的 (Anti-Authority): 内なる獣は権威への挑戦と縛られたルールの破壊を要求します。指導者に異を唱え、命令に背き、権力の象徴を打ち砕くことで獣の衝動を満たします。,煮え立つ情熱 (Boiling Passion): 血が激しい情熱で煮えたぎっています。感情が常に表面で激しく波立ち、狂乱に対する抵抗の難易度が［世代修正値］分上昇します。,反逆 (Rebellion): 狂乱時、その場にいる権威者や支配的な存在に対して反逆行動を起こします。命令を拒絶し、暴動や妨害を行い、それ以外のすべての行動に［世代修正値］分のダイスペナルティを受けます。,迅速（Celerity）、怪力（Potence）、威厳（Presence）の3つの訓えを標準で習得可能です。,セレリティ (迅速・疾駆),超人的な反射速度、瞬発力、時間感覚の加速を可能にする神速の訓え。目にも留まらぬ速度で移動し、攻撃を回避し、複数回の手番を行う。,3,闘士の捷速 (Fighter's Alacrity),3-dot Physical Celerity,アクション (Action),肉体: 敏捷力 (Dexterity),2ヴィータイ (2 Vitae),なし (None),術者自身 (Self),1ターン (One turn),1戦闘ラウンド中に2回分の完全な手番を行い、連続行動する。,他者が反応する隙を与えず、1つの戦闘ラウンド中に完全な2回の手番（移動およびアクション）を実行する。,•••••: 1戦闘ラウンド中に3回分の完全な手番を実行可能になる。,"Take two full turns in a single combat round, moving and attacking before others can react.",•••••: Take three full turns in a combat round.
ブルハ,Brujah,革命には情熱と力が必要だ。,政治扇動家、過激派活動家、コミュニティリーダー、ストリートギャングのリーダー、反骨の政治家,ブルハは、いかなる権威もただ権威であるという理由だけで従う価値はないと信じ、他者が疑問を持たずに受け入れている既存の社会秩序こそが打ち倒すべき対象であると考えています。ブルハであるということは、圧政や不正がどこに現れようともそれに抗い立ち向かうことを意味し、彼らにとって圧政は人間社会のみならず吸血鬼社会の至る所に存在します。彼らのサイア（親）は、既存の枠組みに屈服することを拒む人間を注意深く選び出し、抱擁（吸血鬼化）します。反抗精神と情熱を秘めた闘士たちの一族です。,反逆的 (Anti-Authority): 内なる獣は権威への挑戦と縛られたルールの破壊を要求します。指導者に異を唱え、命令に背き、権力の象徴を打ち砕くことで獣の衝動を満たします。,煮え立つ情熱 (Boiling Passion): 血が激しい情熱で煮えたぎっています。感情が常に表面で激しく波立ち、狂乱に対する抵抗の難易度が［世代修正値］分上昇します。,反逆 (Rebellion): 狂乱時、その場にいる権威者や支配的な存在に対して反逆行動を起こします。命令を拒絶し、暴動や妨害を行い、それ以外のすべての行動に［世代修正値］分のダイスペナルティを受けます。,迅速（Celerity）、怪力（Potence）、威厳（Presence）の3つの訓えを標準で習得可能です。,ポウテンス (怪力・剛力),物理法則を無視した超人的筋力を発揮し、あらゆる障害物を粉砕し、垂直の壁を登り、壊滅的な打撃を叩き込む剛力の訓え。,1,猛進撃 (Bull Rush),1-dot Physical Potence,アクション (Action),肉体: 筋力 (Strength),1ヴィータイ (1 Vitae),なし (None),術者自身 (Self),即時 (Instant),圧倒的な力で突進し、進路上の敵を吹き飛ばして床に叩きつける。,超自然的な推進力で前方へ猛突進し、接触した敵を後方へと吹き飛ばして床に叩きつける。,"•••: レンガやコンクリートの壁を突き破って突進できる。
•••••: 走行中の車両をも体当たりで横転・吹き飛ばす。","Charge forward with supernatural force, sending opponents flying backward and crashing to the floor.","•••: Smashes through brick walls.
•••••: Knocks down vehicles."
ブルハ,Brujah,革命には情熱と力が必要だ。,政治扇動家、過激派活動家、コミュニティリーダー、ストリートギャングのリーダー、反骨の政治家,ブルハは、いかなる権威もただ権威であるという理由だけで従う価値はないと信じ、他者が疑問を持たずに受け入れている既存の社会秩序こそが打ち倒すべき対象であると考えています。ブルハであるということは、圧政や不正がどこに現れようともそれに抗い立ち向かうことを意味し、彼らにとって圧政は人間社会のみならず吸血鬼社会の至る所に存在します。彼らのサイア（親）は、既存の枠組みに屈服することを拒む人間を注意深く選び出し、抱擁（吸血鬼化）します。反抗精神と情熱を秘めた闘士たちの一族です。,反逆的 (Anti-Authority): 内なる獣は権威への挑戦と縛られたルールの破壊を要求します。指導者に異を唱え、命令に背き、権力の象徴を打ち砕くことで獣の衝動を満たします。,煮え立つ情熱 (Boiling Passion): 血が激しい情熱で煮えたぎっています。感情が常に表面で激しく波立ち、狂乱に対する抵抗の難易度が［世代修正値］分上昇します。,反逆 (Rebellion): 狂乱時、その場にいる権威者や支配的な存在に対して反逆行動を起こします。命令を拒絶し、暴動や妨害を行い、それ以外のすべての行動に［世代修正値］分のダイスペナルティを受けます。,迅速（Celerity）、怪力（Potence）、威厳（Presence）の3つの訓えを標準で習得可能です。,ポウテンス (怪力・剛力),物理法則を無視した超人的筋力を発揮し、あらゆる障害物を粉砕し、垂直の壁を登り、壊滅的な打撃を叩き込む剛力の訓え。,1,怪力の爪痕 (Imprint),1-dot Physical Potence,アクション (Action),肉体: 筋力 (Strength),なし (None),なし (None),術者自身 (Self),1シーン (One scene),指先を石や鋼鉄に食い込ませ、壁や天井を蜘蛛のように登攀する。,指先や足先を超人的な力で石材、レンガ、鋼鉄に食い込ませて足場を作り、垂直の壁面を蜘蛛のように登り降りする。,"•••: 天井に逆さにぶら下がりながら移動できるようになる。
•••••: コンクリートの塊を素手で引き剥がして投擲武器として使用できる。","Dig fingers and boots into stone, brick, or steel, climbing sheer walls like a spider.","•••: Climb upside down across ceilings.
•••••: Tear off chunks of concrete to throw."
ブルハ,Brujah,革命には情熱と力が必要だ。,政治扇動家、過激派活動家、コミュニティリーダー、ストリートギャングのリーダー、反骨の政治家,ブルハは、いかなる権威もただ権威であるという理由だけで従う価値はないと信じ、他者が疑問を持たずに受け入れている既存の社会秩序こそが打ち倒すべき対象であると考えています。ブルハであるということは、圧政や不正がどこに現れようともそれに抗い立ち向かうことを意味し、彼らにとって圧政は人間社会のみならず吸血鬼社会の至る所に存在します。彼らのサイア（親）は、既存の枠組みに屈服することを拒む人間を注意深く選び出し、抱擁（吸血鬼化）します。反抗精神と情熱を秘めた闘士たちの一族です。,反逆的 (Anti-Authority): 内なる獣は権威への挑戦と縛られたルールの破壊を要求します。指導者に異を唱え、命令に背き、権力の象徴を打ち砕くことで獣の衝動を満たします。,煮え立つ情熱 (Boiling Passion): 血が激しい情熱で煮えたぎっています。感情が常に表面で激しく波立ち、狂乱に対する抵抗の難易度が［世代修正値］分上昇します。,反逆 (Rebellion): 狂乱時、その場にいる権威者や支配的な存在に対して反逆行動を起こします。命令を拒絶し、暴動や妨害を行い、それ以外のすべての行動に［世代修正値］分のダイスペナルティを受けます。,迅速（Celerity）、怪力（Potence）、威厳（Presence）の3つの訓えを標準で習得可能です。,ポウテンス (怪力・剛力),物理法則を無視した超人的筋力を発揮し、あらゆる障害物を粉砕し、垂直の壁を登り、壊滅的な打撃を叩き込む剛力の訓え。,1,飛翔の跳躍 (Soaring Leap),1-dot Physical Potence,アクション (Action),肉体: 筋力 (Strength),なし (None),なし (None),術者自身 (Self),即時 (Instant),脚力を爆発させ、数階建ての屋上や道路を軽々と跳躍する。,脚部の筋肉を超人的に強化し、助走なしでも数階建てのビル屋上や広い大通りを軽々と飛び越える跳躍力を発揮する。,"•••: 5階建て以上のビルを一度の跳躍で飛び越える。
•••••: 1回の跳躍で何キロメートルもの距離を踏破する。",Leap several stories into the air or leap across wide streets from rooftop to rooftop.,"•••: Leap over 5-story buildings.
•••••: Leap miles in single bounds."
ブルハ,Brujah,革命には情熱と力が必要だ。,政治扇動家、過激派活動家、コミュニティリーダー、ストリートギャングのリーダー、反骨の政治家,ブルハは、いかなる権威もただ権威であるという理由だけで従う価値はないと信じ、他者が疑問を持たずに受け入れている既存の社会秩序こそが打ち倒すべき対象であると考えています。ブルハであるということは、圧政や不正がどこに現れようともそれに抗い立ち向かうことを意味し、彼らにとって圧政は人間社会のみならず吸血鬼社会の至る所に存在します。彼らのサイア（親）は、既存の枠組みに屈服することを拒む人間を注意深く選び出し、抱擁（吸血鬼化）します。反抗精神と情熱を秘めた闘士たちの一族です。,反逆的 (Anti-Authority): 内なる獣は権威への挑戦と縛られたルールの破壊を要求します。指導者に異を唱え、命令に背き、権力の象徴を打ち砕くことで獣の衝動を満たします。,煮え立つ情熱 (Boiling Passion): 血が激しい情熱で煮えたぎっています。感情が常に表面で激しく波立ち、狂乱に対する抵抗の難易度が［世代修正値］分上昇します。,反逆 (Rebellion): 狂乱時、その場にいる権威者や支配的な存在に対して反逆行動を起こします。命令を拒絶し、暴動や妨害を行い、それ以外のすべての行動に［世代修正値］分のダイスペナルティを受けます。,迅速（Celerity）、怪力（Potence）、威厳（Presence）の3つの訓えを標準で習得可能です。,ポウテンス (怪力・剛力),物理法則を無視した超人的筋力を発揮し、あらゆる障害物を粉砕し、垂直の壁を登り、壊滅的な打撃を叩き込む剛力の訓え。,2,骨砕き (Bone Breaker),2-dot Physical Potence,アクション (Action),肉体: 筋力 (Strength),1ヴィータイ (1 Vitae),対象の持久力 (Target's Stamina),接触 (Touch),即時 (Instant),組み付き時に超人的な力で骨や関節を容易にへし折る。,敵を組み伏せた際、怪力によって手足の骨や関節をへし折り、対象の手足を恒久的に破壊・無力化する。,"•••: 金属製の鎧や防具すらも容易に押し潰す。
•••••: 骨を粉々に粉砕して粉末状にする。","When grappling, snap bones and shatter joints, permanently crippling the limb.","•••: Crushes metal armor.
•••••: Liquefies bone into dust."
ブルハ,Brujah,革命には情熱と力が必要だ。,政治扇動家、過激派活動家、コミュニティリーダー、ストリートギャングのリーダー、反骨の政治家,ブルハは、いかなる権威もただ権威であるという理由だけで従う価値はないと信じ、他者が疑問を持たずに受け入れている既存の社会秩序こそが打ち倒すべき対象であると考えています。ブルハであるということは、圧政や不正がどこに現れようともそれに抗い立ち向かうことを意味し、彼らにとって圧政は人間社会のみならず吸血鬼社会の至る所に存在します。彼らのサイア（親）は、既存の枠組みに屈服することを拒む人間を注意深く選び出し、抱擁（吸血鬼化）します。反抗精神と情熱を秘めた闘士たちの一族です。,反逆的 (Anti-Authority): 内なる獣は権威への挑戦と縛られたルールの破壊を要求します。指導者に異を唱え、命令に背き、権力の象徴を打ち砕くことで獣の衝動を満たします。,煮え立つ情熱 (Boiling Passion): 血が激しい情熱で煮えたぎっています。感情が常に表面で激しく波立ち、狂乱に対する抵抗の難易度が［世代修正値］分上昇します。,反逆 (Rebellion): 狂乱時、その場にいる権威者や支配的な存在に対して反逆行動を起こします。命令を拒絶し、暴動や妨害を行い、それ以外のすべての行動に［世代修正値］分のダイスペナルティを受けます。,迅速（Celerity）、怪力（Potence）、威厳（Presence）の3つの訓えを標準で習得可能です。,ポウテンス (怪力・剛力),物理法則を無視した超人的筋力を発揮し、あらゆる障害物を粉砕し、垂直の壁を登り、壊滅的な打撃を叩き込む剛力の訓え。,2,大地揺るがし (Earthshock),2-dot Physical Potence,アクション (Action),肉体: 筋力 (Strength),1ヴィータイ (1 Vitae),なし (None),近距離 (Near),即時 (Instant),地面に拳を叩きつけ、衝撃波で周囲の敵を転倒させる。,地面や床面に超怪力の拳を叩きつけ、周囲一帯に強烈な震動と衝撃波を走らせて、近距離にいるすべての敵を足元からすくい上げて転倒させる。,"•••: アスファルトの舗装道路を放射状に粉砕する。
•••••: 小型建築物やプレハブ小屋を衝撃波で倒壊させる。","Strike the ground with a punch, sending a shockwave that knocks everyone nearby off their feet.","•••: Shatters street pavement.
•••••: Collapses small buildings."
ブルハ,Brujah,革命には情熱と力が必要だ。,政治扇動家、過激派活動家、コミュニティリーダー、ストリートギャングのリーダー、反骨の政治家,ブルハは、いかなる権威もただ権威であるという理由だけで従う価値はないと信じ、他者が疑問を持たずに受け入れている既存の社会秩序こそが打ち倒すべき対象であると考えています。ブルハであるということは、圧政や不正がどこに現れようともそれに抗い立ち向かうことを意味し、彼らにとって圧政は人間社会のみならず吸血鬼社会の至る所に存在します。彼らのサイア（親）は、既存の枠組みに屈服することを拒む人間を注意深く選び出し、抱擁（吸血鬼化）します。反抗精神と情熱を秘めた闘士たちの一族です。,反逆的 (Anti-Authority): 内なる獣は権威への挑戦と縛られたルールの破壊を要求します。指導者に異を唱え、命令に背き、権力の象徴を打ち砕くことで獣の衝動を満たします。,煮え立つ情熱 (Boiling Passion): 血が激しい情熱で煮えたぎっています。感情が常に表面で激しく波立ち、狂乱に対する抵抗の難易度が［世代修正値］分上昇します。,反逆 (Rebellion): 狂乱時、その場にいる権威者や支配的な存在に対して反逆行動を起こします。命令を拒絶し、暴動や妨害を行い、それ以外のすべての行動に［世代修正値］分のダイスペナルティを受けます。,迅速（Celerity）、怪力（Potence）、威厳（Presence）の3つの訓えを標準で習得可能です。,ポウテンス (怪力・剛力),物理法則を無視した超人的筋力を発揮し、あらゆる障害物を粉砕し、垂直の壁を登り、壊滅的な打撃を叩き込む剛力の訓え。,2,渾身の一撃 (Powerful Strike),2-dot Physical Potence,アクション (Action),肉体: 筋力 (Strength),1ヴィータイ (1 Vitae),なし (None),術者自身 (Self),即時 (Instant),次の一撃の威力を跳ね上げ、訓えドット数分の追加ダメージを与える。,次に行う素手（格闘）または近接武器による一撃に怪力を集中し、最終ダメージに直接［ポウテンスのドット数］を加える。,なし,Add Potence dots directly to the final damage of your next Melee or Brawl strike.,None
ブルハ,Brujah,革命には情熱と力が必要だ。,政治扇動家、過激派活動家、コミュニティリーダー、ストリートギャングのリーダー、反骨の政治家,ブルハは、いかなる権威もただ権威であるという理由だけで従う価値はないと信じ、他者が疑問を持たずに受け入れている既存の社会秩序こそが打ち倒すべき対象であると考えています。ブルハであるということは、圧政や不正がどこに現れようともそれに抗い立ち向かうことを意味し、彼らにとって圧政は人間社会のみならず吸血鬼社会の至る所に存在します。彼らのサイア（親）は、既存の枠組みに屈服することを拒む人間を注意深く選び出し、抱擁（吸血鬼化）します。反抗精神と情熱を秘めた闘士たちの一族です。,反逆的 (Anti-Authority): 内なる獣は権威への挑戦と縛られたルールの破壊を要求します。指導者に異を唱え、命令に背き、権力の象徴を打ち砕くことで獣の衝動を満たします。,煮え立つ情熱 (Boiling Passion): 血が激しい情熱で煮えたぎっています。感情が常に表面で激しく波立ち、狂乱に対する抵抗の難易度が［世代修正値］分上昇します。,反逆 (Rebellion): 狂乱時、その場にいる権威者や支配的な存在に対して反逆行動を起こします。命令を拒絶し、暴動や妨害を行い、それ以外のすべての行動に［世代修正値］分のダイスペナルティを受けます。,迅速（Celerity）、怪力（Potence）、威厳（Presence）の3つの訓えを標準で習得可能です。,ポウテンス (怪力・剛力),物理法則を無視した超人的筋力を発揮し、あらゆる障害物を粉砕し、垂直の壁を登り、壊滅的な打撃を叩き込む剛力の訓え。,3,不可避の痛撃 (Strike True),3-dot Physical Potence,アクション (Action),肉体: 筋力 (Strength),2ヴィータイ (2 Vitae),なし (None),術者自身 (Self),即時 (Instant),受け流しや回避を許さない不可避の超高速・超重量攻撃を繰り出す。,回避不能な凄まじい速度と運動量をもって攻撃を繰り出し、防御側が受け流しや回避の判定を行うことを一切封じる。,•••••: 重装甲や戦車級の防具を一撃で粉々に貫通・粉砕する。,Swing with such terrifying speed and momentum that defenders cannot dodge or block the blow.,•••••: Blow destroys heavy armor instantly.
ブルハ,Brujah,革命には情熱と力が必要だ。,政治扇動家、過激派活動家、コミュニティリーダー、ストリートギャングのリーダー、反骨の政治家,ブルハは、いかなる権威もただ権威であるという理由だけで従う価値はないと信じ、他者が疑問を持たずに受け入れている既存の社会秩序こそが打ち倒すべき対象であると考えています。ブルハであるということは、圧政や不正がどこに現れようともそれに抗い立ち向かうことを意味し、彼らにとって圧政は人間社会のみならず吸血鬼社会の至る所に存在します。彼らのサイア（親）は、既存の枠組みに屈服することを拒む人間を注意深く選び出し、抱擁（吸血鬼化）します。反抗精神と情熱を秘めた闘士たちの一族です。,反逆的 (Anti-Authority): 内なる獣は権威への挑戦と縛られたルールの破壊を要求します。指導者に異を唱え、命令に背き、権力の象徴を打ち砕くことで獣の衝動を満たします。,煮え立つ情熱 (Boiling Passion): 血が激しい情熱で煮えたぎっています。感情が常に表面で激しく波立ち、狂乱に対する抵抗の難易度が［世代修正値］分上昇します。,反逆 (Rebellion): 狂乱時、その場にいる権威者や支配的な存在に対して反逆行動を起こします。命令を拒絶し、暴動や妨害を行い、それ以外のすべての行動に［世代修正値］分のダイスペナルティを受けます。,迅速（Celerity）、怪力（Potence）、威厳（Presence）の3つの訓えを標準で習得可能です。,ポウテンス (怪力・剛力),物理法則を無視した超人的筋力を発揮し、あらゆる障害物を粉砕し、垂直の壁を登り、壊滅的な打撃を叩き込む剛力の訓え。,3,雄叫び (War Cry),3-dot Social Potence,アクション (Action),社会: カリスマ (Charisma),1ヴィータイ (1 Vitae),対象の平静 (Target's Composure),近距離 (Near),即時 (Instant),魂を震わせる咆哮で人間を逃走させ、吸血鬼を恐怖狂乱に追い込む。,内なる獣の怪力を込めた戦慄の雄叫びを放ち、人間を恐怖で逃走させ、吸血鬼に対して恐怖狂乱（Rötschreck）の抵抗テストを強制する。,•••••: 咆哮の衝撃波が大通りを挟んだ向かいの建物のガラスを一斉に粉砕する。,Unleash a terrifying battle roar that sends mortals fleeing and forces Kindred to test for terror frenzy.,•••••: Roar shatters glass across the street.
ブルハ,Brujah,革命には情熱と力が必要だ。,政治扇動家、過激派活動家、コミュニティリーダー、ストリートギャングのリーダー、反骨の政治家,ブルハは、いかなる権威もただ権威であるという理由だけで従う価値はないと信じ、他者が疑問を持たずに受け入れている既存の社会秩序こそが打ち倒すべき対象であると考えています。ブルハであるということは、圧政や不正がどこに現れようともそれに抗い立ち向かうことを意味し、彼らにとって圧政は人間社会のみならず吸血鬼社会の至る所に存在します。彼らのサイア（親）は、既存の枠組みに屈服することを拒む人間を注意深く選び出し、抱擁（吸血鬼化）します。反抗精神と情熱を秘めた闘士たちの一族です。,反逆的 (Anti-Authority): 内なる獣は権威への挑戦と縛られたルールの破壊を要求します。指導者に異を唱え、命令に背き、権力の象徴を打ち砕くことで獣の衝動を満たします。,煮え立つ情熱 (Boiling Passion): 血が激しい情熱で煮えたぎっています。感情が常に表面で激しく波立ち、狂乱に対する抵抗の難易度が［世代修正値］分上昇します。,反逆 (Rebellion): 狂乱時、その場にいる権威者や支配的な存在に対して反逆行動を起こします。命令を拒絶し、暴動や妨害を行い、それ以外のすべての行動に［世代修正値］分のダイスペナルティを受けます。,迅速（Celerity）、怪力（Potence）、威厳（Presence）の3つの訓えを標準で習得可能です。,プレゼンス (威厳・魅了),自らのカリスマとオーラを増幅させ、周囲の者を畏怖させ、魅了し、心酔させて狂乱をも鎮める社交と感情操作の訓え。,1,畏怖のオーラ (Awe),1-dot Social Presence,アクション (Action),社会: カリスマ (Charisma),なし (None),対象の平静 (Target's Composure),近距離 (Near),1シーン (One scene),圧倒的なカリスマを放ち、周囲の者を魅了して反抗心を奪う。,強烈な超自然的オーラを放ち、周囲の視線と関心を一身に集める。目撃者は術者の魅力に心を奪われ、発言の一言一句に聞き惚れて敵対心を失う。,なし,"Radiate intense supernatural allure. Onlookers are captivated, hanging on your every word.",None
ブルハ,Brujah,革命には情熱と力が必要だ。,政治扇動家、過激派活動家、コミュニティリーダー、ストリートギャングのリーダー、反骨の政治家,ブルハは、いかなる権威もただ権威であるという理由だけで従う価値はないと信じ、他者が疑問を持たずに受け入れている既存の社会秩序こそが打ち倒すべき対象であると考えています。ブルハであるということは、圧政や不正がどこに現れようともそれに抗い立ち向かうことを意味し、彼らにとって圧政は人間社会のみならず吸血鬼社会の至る所に存在します。彼らのサイア（親）は、既存の枠組みに屈服することを拒む人間を注意深く選び出し、抱擁（吸血鬼化）します。反抗精神と情熱を秘めた闘士たちの一族です。,反逆的 (Anti-Authority): 内なる獣は権威への挑戦と縛られたルールの破壊を要求します。指導者に異を唱え、命令に背き、権力の象徴を打ち砕くことで獣の衝動を満たします。,煮え立つ情熱 (Boiling Passion): 血が激しい情熱で煮えたぎっています。感情が常に表面で激しく波立ち、狂乱に対する抵抗の難易度が［世代修正値］分上昇します。,反逆 (Rebellion): 狂乱時、その場にいる権威者や支配的な存在に対して反逆行動を起こします。命令を拒絶し、暴動や妨害を行い、それ以外のすべての行動に［世代修正値］分のダイスペナルティを受けます。,迅速（Celerity）、怪力（Potence）、威厳（Presence）の3つの訓えを標準で習得可能です。,プレゼンス (威厳・魅了),自らのカリスマとオーラを増幅させ、周囲の者を畏怖させ、魅了し、心酔させて狂乱をも鎮める社交と感情操作の訓え。,1,威圧の眼差し (Dread Gaze),1-dot Social Presence,アクション (Action),社会: カリスマ (Charisma),なし (None),対象の平静 (Target's Composure),視線が通る距離 (Line of sight),1シーン (One scene),捕食者の威容を眼差しで示し、対象を恐怖に震え上がらせて逃走させる。,魂の奥底に潜む恐るべき怪物の本質を一瞥によって露わにし、指定した対象を盲目的な恐怖に陥れてその場から逃走させる。,"•••: 対象が恐怖のあまりその場に硬直・麻痺する。
•••••: 対象が恐怖で失神するか、心停止ショックを起こす。","Reveal the monstrous predator within your soul, sending a chosen target fleeing in blind terror.","•••: Target is paralyzed with dread.
•••••: Target faints or suffers heart attack."
ブルハ,Brujah,革命には情熱と力が必要だ。,政治扇動家、過激派活動家、コミュニティリーダー、ストリートギャングのリーダー、反骨の政治家,ブルハは、いかなる権威もただ権威であるという理由だけで従う価値はないと信じ、他者が疑問を持たずに受け入れている既存の社会秩序こそが打ち倒すべき対象であると考えています。ブルハであるということは、圧政や不正がどこに現れようともそれに抗い立ち向かうことを意味し、彼らにとって圧政は人間社会のみならず吸血鬼社会の至る所に存在します。彼らのサイア（親）は、既存の枠組みに屈服することを拒む人間を注意深く選び出し、抱擁（吸血鬼化）します。反抗精神と情熱を秘めた闘士たちの一族です。,反逆的 (Anti-Authority): 内なる獣は権威への挑戦と縛られたルールの破壊を要求します。指導者に異を唱え、命令に背き、権力の象徴を打ち砕くことで獣の衝動を満たします。,煮え立つ情熱 (Boiling Passion): 血が激しい情熱で煮えたぎっています。感情が常に表面で激しく波立ち、狂乱に対する抵抗の難易度が［世代修正値］分上昇します。,反逆 (Rebellion): 狂乱時、その場にいる権威者や支配的な存在に対して反逆行動を起こします。命令を拒絶し、暴動や妨害を行い、それ以外のすべての行動に［世代修正値］分のダイスペナルティを受けます。,迅速（Celerity）、怪力（Potence）、威厳（Presence）の3つの訓えを標準で習得可能です。,プレゼンス (威厳・魅了),自らのカリスマとオーラを増幅させ、周囲の者を畏怖させ、魅了し、心酔させて狂乱をも鎮める社交と感情操作の訓え。,1,情動の増幅 (Impassion),1-dot Social Presence,アクション (Action),社会: カリスマ (Charisma),1ヴィータイ (1 Vitae),対象の平静 (Target's Composure),近距離 (Near),1シーン (One scene),対象の特定の感情（怒り、愛欲、悲哀、狂喜等）を強烈に煽り立てる。,対象の特定の感情（激怒、情欲、悲嘆、歓喜など）を増幅・刺激し、理性を失わせて衝動的な行動へと駆り立てる。,"•••: 単一の対象だけでなく、群衆全体に感情を波及させる。
•••••: 対象を狂信的な行動へと駆り立てる。","Amplify a specific emotion (rage, lust, grief, joy) in a target, driving them to erratic behavior.","•••: Affects crowds.
•••••: Drives target to fanatical action."
ブルハ,Brujah,革命には情熱と力が必要だ。,政治扇動家、過激派活動家、コミュニティリーダー、ストリートギャングのリーダー、反骨の政治家,ブルハは、いかなる権威もただ権威であるという理由だけで従う価値はないと信じ、他者が疑問を持たずに受け入れている既存の社会秩序こそが打ち倒すべき対象であると考えています。ブルハであるということは、圧政や不正がどこに現れようともそれに抗い立ち向かうことを意味し、彼らにとって圧政は人間社会のみならず吸血鬼社会の至る所に存在します。彼らのサイア（親）は、既存の枠組みに屈服することを拒む人間を注意深く選び出し、抱擁（吸血鬼化）します。反抗精神と情熱を秘めた闘士たちの一族です。,反逆的 (Anti-Authority): 内なる獣は権威への挑戦と縛られたルールの破壊を要求します。指導者に異を唱え、命令に背き、権力の象徴を打ち砕くことで獣の衝動を満たします。,煮え立つ情熱 (Boiling Passion): 血が激しい情熱で煮えたぎっています。感情が常に表面で激しく波立ち、狂乱に対する抵抗の難易度が［世代修正値］分上昇します。,反逆 (Rebellion): 狂乱時、その場にいる権威者や支配的な存在に対して反逆行動を起こします。命令を拒絶し、暴動や妨害を行い、それ以外のすべての行動に［世代修正値］分のダイスペナルティを受けます。,迅速（Celerity）、怪力（Potence）、威厳（Presence）の3つの訓えを標準で習得可能です。,プレゼンス (威厳・魅了),自らのカリスマとオーラを増幅させ、周囲の者を畏怖させ、魅了し、心酔させて狂乱をも鎮める社交と感情操作の訓え。,2,魅惑の視線 (Captivating Gaze),2-dot Social Presence,アクション (Action),社会: カリスマ (Charisma),1ヴィータイ (1 Vitae),対象の決意 (Target's Resolve),アイコンタクト/目を合わせた状態 (Eye contact),集中維持中 (Sustained),強烈な見つめ合いで対象をその場に硬直させ、発言や行動を封じる。,対象と視線を交差させ、その場に釘付けにする。術者が視線を維持している限り、対象は一歩も動けず、声を発することもできない。,"•••: 簡単な手招きや身振りによって対象を誘導できる。
•••••: 対象を深い催眠トランス状態に沈め込む。","Lock eyes with a victim, freezing them in place. They cannot move or speak as long as you maintain eye contact.","•••: Target obeys simple hand gestures.
•••••: Target falls into deep trance."
ブルハ,Brujah,革命には情熱と力が必要だ。,政治扇動家、過激派活動家、コミュニティリーダー、ストリートギャングのリーダー、反骨の政治家,ブルハは、いかなる権威もただ権威であるという理由だけで従う価値はないと信じ、他者が疑問を持たずに受け入れている既存の社会秩序こそが打ち倒すべき対象であると考えています。ブルハであるということは、圧政や不正がどこに現れようともそれに抗い立ち向かうことを意味し、彼らにとって圧政は人間社会のみならず吸血鬼社会の至る所に存在します。彼らのサイア（親）は、既存の枠組みに屈服することを拒む人間を注意深く選び出し、抱擁（吸血鬼化）します。反抗精神と情熱を秘めた闘士たちの一族です。,反逆的 (Anti-Authority): 内なる獣は権威への挑戦と縛られたルールの破壊を要求します。指導者に異を唱え、命令に背き、権力の象徴を打ち砕くことで獣の衝動を満たします。,煮え立つ情熱 (Boiling Passion): 血が激しい情熱で煮えたぎっています。感情が常に表面で激しく波立ち、狂乱に対する抵抗の難易度が［世代修正値］分上昇します。,反逆 (Rebellion): 狂乱時、その場にいる権威者や支配的な存在に対して反逆行動を起こします。命令を拒絶し、暴動や妨害を行い、それ以外のすべての行動に［世代修正値］分のダイスペナルティを受けます。,迅速（Celerity）、怪力（Potence）、威厳（Presence）の3つの訓えを標準で習得可能です。,プレゼンス (威厳・魅了),自らのカリスマとオーラを増幅させ、周囲の者を畏怖させ、魅了し、心酔させて狂乱をも鎮める社交と感情操作の訓え。,2,平穏の回復 (Compose Yourself),2-dot Social Presence,アクション (Action),社会: カリスマ (Charisma),意志力1点 (1 Willpower),なし (None),接触 (Touch),1シーン (One scene),触れた味方の恐怖や狂乱を瞬時に鎮め、冷静さを取り戻させる。,味方に手を触れることで、恐怖狂乱や激怒狂乱に陥っている対象を即座に正気に引き戻し、平穏と自制心を回復させる。,"•••: 人間に超自然的な勇気と平穏を植え付ける。
•••••: 失われた意志力（Willpower）を回復させる。","Touch an ally to immediately snap them out of terror or frenzy, restoring their calm and composure.","•••: Instills unnatural bravery in mortals.
•••••: Restores lost Willpower."
ブルハ,Brujah,革命には情熱と力が必要だ。,政治扇動家、過激派活動家、コミュニティリーダー、ストリートギャングのリーダー、反骨の政治家,ブルハは、いかなる権威もただ権威であるという理由だけで従う価値はないと信じ、他者が疑問を持たずに受け入れている既存の社会秩序こそが打ち倒すべき対象であると考えています。ブルハであるということは、圧政や不正がどこに現れようともそれに抗い立ち向かうことを意味し、彼らにとって圧政は人間社会のみならず吸血鬼社会の至る所に存在します。彼らのサイア（親）は、既存の枠組みに屈服することを拒む人間を注意深く選び出し、抱擁（吸血鬼化）します。反抗精神と情熱を秘めた闘士たちの一族です。,反逆的 (Anti-Authority): 内なる獣は権威への挑戦と縛られたルールの破壊を要求します。指導者に異を唱え、命令に背き、権力の象徴を打ち砕くことで獣の衝動を満たします。,煮え立つ情熱 (Boiling Passion): 血が激しい情熱で煮えたぎっています。感情が常に表面で激しく波立ち、狂乱に対する抵抗の難易度が［世代修正値］分上昇します。,反逆 (Rebellion): 狂乱時、その場にいる権威者や支配的な存在に対して反逆行動を起こします。命令を拒絶し、暴動や妨害を行い、それ以外のすべての行動に［世代修正値］分のダイスペナルティを受けます。,迅速（Celerity）、怪力（Potence）、威厳（Presence）の3つの訓えを標準で習得可能です。,プレゼンス (威厳・魅了),自らのカリスマとオーラを増幅させ、周囲の者を畏怖させ、魅了し、心酔させて狂乱をも鎮める社交と感情操作の訓え。,2,残留する存在感 (Lingering Presence),2-dot Social Presence,アクション (Action),社会: 操作力 (Manipulation),1ヴィータイ (1 Vitae),なし (None),接触 (Touch),1夜 (One night),部屋や場所に畏怖や魅了のオーラを刻印し、退室後も影響を与える。,退室後も長時間にわたり、自らのカリスマや恐怖の残留オーラをその場所に残し、足を踏み入れた者に影響を与える。,なし,Leave an aura of awe or fear in a room that affects anyone who enters hours after you leave.,None
ブルハ,Brujah,革命には情熱と力が必要だ。,政治扇動家、過激派活動家、コミュニティリーダー、ストリートギャングのリーダー、反骨の政治家,ブルハは、いかなる権威もただ権威であるという理由だけで従う価値はないと信じ、他者が疑問を持たずに受け入れている既存の社会秩序こそが打ち倒すべき対象であると考えています。ブルハであるということは、圧政や不正がどこに現れようともそれに抗い立ち向かうことを意味し、彼らにとって圧政は人間社会のみならず吸血鬼社会の至る所に存在します。彼らのサイア（親）は、既存の枠組みに屈服することを拒む人間を注意深く選び出し、抱擁（吸血鬼化）します。反抗精神と情熱を秘めた闘士たちの一族です。,反逆的 (Anti-Authority): 内なる獣は権威への挑戦と縛られたルールの破壊を要求します。指導者に異を唱え、命令に背き、権力の象徴を打ち砕くことで獣の衝動を満たします。,煮え立つ情熱 (Boiling Passion): 血が激しい情熱で煮えたぎっています。感情が常に表面で激しく波立ち、狂乱に対する抵抗の難易度が［世代修正値］分上昇します。,反逆 (Rebellion): 狂乱時、その場にいる権威者や支配的な存在に対して反逆行動を起こします。命令を拒絶し、暴動や妨害を行い、それ以外のすべての行動に［世代修正値］分のダイスペナルティを受けます。,迅速（Celerity）、怪力（Potence）、威厳（Presence）の3つの訓えを標準で習得可能です。,プレゼンス (威厳・魅了),自らのカリスマとオーラを増幅させ、周囲の者を畏怖させ、魅了し、心酔させて狂乱をも鎮める社交と感情操作の訓え。,3,心酔 (Entrancement),3-dot Social Presence,アクション (Action),社会: カリスマ (Charisma),2ヴィータイ (2 Vitae),対象の決意 (Target's Resolve),視線が通る距離 (Line of sight),1夜 (One night),対象を熱狂的な崇拝者に仕立て上げ、喜んで命令を聞き入れさせる。,対象の心を深く魅了し、術者を最も敬愛する存在として信奉させる。対象は術者からのあらゆる願いや要求を喜んで実行する。,•••••: 効果が数週間から数ヶ月間にわたって持続する。,"Enthrall a subject so deeply that they regard you as their most beloved idol, obeying requests gladly.",•••••: Lasts for weeks or months.
ブルハ,Brujah,革命には情熱と力が必要だ。,政治扇動家、過激派活動家、コミュニティリーダー、ストリートギャングのリーダー、反骨の政治家,ブルハは、いかなる権威もただ権威であるという理由だけで従う価値はないと信じ、他者が疑問を持たずに受け入れている既存の社会秩序こそが打ち倒すべき対象であると考えています。ブルハであるということは、圧政や不正がどこに現れようともそれに抗い立ち向かうことを意味し、彼らにとって圧政は人間社会のみならず吸血鬼社会の至る所に存在します。彼らのサイア（親）は、既存の枠組みに屈服することを拒む人間を注意深く選び出し、抱擁（吸血鬼化）します。反抗精神と情熱を秘めた闘士たちの一族です。,反逆的 (Anti-Authority): 内なる獣は権威への挑戦と縛られたルールの破壊を要求します。指導者に異を唱え、命令に背き、権力の象徴を打ち砕くことで獣の衝動を満たします。,煮え立つ情熱 (Boiling Passion): 血が激しい情熱で煮えたぎっています。感情が常に表面で激しく波立ち、狂乱に対する抵抗の難易度が［世代修正値］分上昇します。,反逆 (Rebellion): 狂乱時、その場にいる権威者や支配的な存在に対して反逆行動を起こします。命令を拒絶し、暴動や妨害を行い、それ以外のすべての行動に［世代修正値］分のダイスペナルティを受けます。,迅速（Celerity）、怪力（Potence）、威厳（Presence）の3つの訓えを標準で習得可能です。,プレゼンス (威厳・魅了),自らのカリスマとオーラを増幅させ、周囲の者を畏怖させ、魅了し、心酔させて狂乱をも鎮める社交と感情操作の訓え。,3,威風堂々 (Majesty),3-dot Social Presence,アクション (Action),社会: カリスマ (Charisma),2ヴィータイ (2 Vitae),対象の決意 (Target's Resolve),近距離 (Near),1シーン (One scene),神のごとき威厳を放ち、何者も攻撃や侮辱を行えないように屈服させる。,超越的かつ恐るべき神性のオーラを身に纏う。圧倒的な畏怖を克服するテストに成功しない限り、何者も術者を攻撃したり侮辱したりすることができない。,•••••: 人間がその場にひれ伏して平伏する。,"Assume an aura of transcendent, terrible divinity. No one can attack or insult you without overcoming crushing awe.",•••••: Mortals fall prostrate on the ground.
ギャンレル,Gangrel,凶暴さこそが、真実と知恵への道である。,原野のサバイバリスト、密猟者、バイカー、放浪の遊牧民、野性のプレデター,ギャンレルは、真の自由とは抱擁によってもたらされた「狩人」であり「獣」である己の姿をそのまま受け入れることから生まれると説きます。内なる獣は血の侵入者ではなく、その最も純粋な表現であり、その野性を理解することこそが真の生存の道であると考えます。多くのギャンレルは都市の欺瞞や宮廷の政治を嫌って辺境や荒野を放浪し、都市に残る者もコンクリートのジャングルの中で孤高の頂点捕食者として縄張りを守ります。,野性的 (Embraced Beast): 文明の制約から解き放たれ、捕食者の本能に従って行動することを求めます。単独で狩りを行い、縄張りを主張・防衛し、野生の論理に従うことで獣を満たします。,受け入れられし獣 (Feral Feature): 狂乱するたびに獣の痕跡（牙、爪、毛皮、裂けた瞳など）が肉体に現れます。この特徴が消えるまでの間、人間として振る舞う判定や人間との社会的交渉の難易度が［世代修正値］分上昇します。,野性の衝動 (Feral Impulses): 理性の一切を失い、完全に動物の本能に支配されます。道具や言語、精神系・社会系の訓えの使用が不能となり、物理攻撃に［世代修正値］のボーナスを得る一方、防御判定に同値のペナルティを受けます。,動物使役（Animalism）、迅速（Celerity）、堅牢（Fortitude）の3つの訓えを標準で習得可能です。,アニマリズム (動物使役),獣との交信、統制、召喚、および肉体に獣の力を宿す野性の訓え。動物を意のままに操り、獣の鋭利な爪牙を肉体に具現化させる。,1,獣相の獲得 (Aspect of the Beast),1-dot Physical Animalism,アクション (Action),精神: 機知 (Wits),1ヴィータイ (1 Vitae),なし (None),術者自身 (Self),1シーン (One scene),獣の特徴（鼻、目、耳、脚、尾など）を獲得し、非戦闘テストに訓えドット数分のボーナスを得る。,狼の鼻、梟の目、蝙蝠の耳、蛙の脚、猫の尾などの獣の特徴を肉体に宿し、関連する非戦闘テストにおいて［アニマリズムのドット数］に等しいダイスボーナスを得る。,"•••: 同時に2つの獣の特徴を宿すことができる。
•••••: 同時に3つの獣の特徴を宿すことができる。","Assume an animal aspect (wolf's snout, owl's eyes, bat's ears, frog's legs, cat's tail) gaining bonus equal to dots in Animalism to relevant non-conflict tests.","•••: Assume 2 animal aspects at once.
•••••: Assume 3 animal aspects at once."
ギャンレル,Gangrel,凶暴さこそが、真実と知恵への道である。,原野のサバイバリスト、密猟者、バイカー、放浪の遊牧民、野性のプレデター,ギャンレルは、真の自由とは抱擁によってもたらされた「狩人」であり「獣」である己の姿をそのまま受け入れることから生まれると説きます。内なる獣は血の侵入者ではなく、その最も純粋な表現であり、その野性を理解することこそが真の生存の道であると考えます。多くのギャンレルは都市の欺瞞や宮廷の政治を嫌って辺境や荒野を放浪し、都市に残る者もコンクリートのジャングルの中で孤高の頂点捕食者として縄張りを守ります。,野性的 (Embraced Beast): 文明の制約から解き放たれ、捕食者の本能に従って行動することを求めます。単独で狩りを行い、縄張りを主張・防衛し、野生の論理に従うことで獣を満たします。,受け入れられし獣 (Feral Feature): 狂乱するたびに獣の痕跡（牙、爪、毛皮、裂けた瞳など）が肉体に現れます。この特徴が消えるまでの間、人間として振る舞う判定や人間との社会的交渉の難易度が［世代修正値］分上昇します。,野性の衝動 (Feral Impulses): 理性の一切を失い、完全に動物の本能に支配されます。道具や言語、精神系・社会系の訓えの使用が不能となり、物理攻撃に［世代修正値］のボーナスを得る一方、防御判定に同値のペナルティを受けます。,動物使役（Animalism）、迅速（Celerity）、堅牢（Fortitude）の3つの訓えを標準で習得可能です。,アニマリズム (動物使役),獣との交信、統制、召喚、および肉体に獣の力を宿す野性の訓え。動物を意のままに操り、獣の鋭利な爪牙を肉体に具現化させる。,1,野性の直感 (Bestial Instinct),1-dot Mental Animalism,アクション (Action),精神: 機知 (Wits),意志力1点 (1 Willpower),なし (None),術者自身 (Self),1シーン (One scene),短距離内にある吸血鬼や超自然の気配を直感的に感知する。,野性の感覚を研ぎ澄まし、短距離内にある他の吸血鬼や超自然的存在の気配を本能的に探知する。超自然を感知するための〈覚知〉および〈調査〉テストに［アニマリズムのドット数］を加える。,なし,Hone senses to instinctively detect other vampires and supernatural beings within Short distance. Add dots in Animalism to Awareness and Investigation tests to detect the supernatural.,None
ギャンレル,Gangrel,凶暴さこそが、真実と知恵への道である。,原野のサバイバリスト、密猟者、バイカー、放浪の遊牧民、野性のプレデター,ギャンレルは、真の自由とは抱擁によってもたらされた「狩人」であり「獣」である己の姿をそのまま受け入れることから生まれると説きます。内なる獣は血の侵入者ではなく、その最も純粋な表現であり、その野性を理解することこそが真の生存の道であると考えます。多くのギャンレルは都市の欺瞞や宮廷の政治を嫌って辺境や荒野を放浪し、都市に残る者もコンクリートのジャングルの中で孤高の頂点捕食者として縄張りを守ります。,野性的 (Embraced Beast): 文明の制約から解き放たれ、捕食者の本能に従って行動することを求めます。単独で狩りを行い、縄張りを主張・防衛し、野生の論理に従うことで獣を満たします。,受け入れられし獣 (Feral Feature): 狂乱するたびに獣の痕跡（牙、爪、毛皮、裂けた瞳など）が肉体に現れます。この特徴が消えるまでの間、人間として振る舞う判定や人間との社会的交渉の難易度が［世代修正値］分上昇します。,野性の衝動 (Feral Impulses): 理性の一切を失い、完全に動物の本能に支配されます。道具や言語、精神系・社会系の訓えの使用が不能となり、物理攻撃に［世代修正値］のボーナスを得る一方、防御判定に同値のペナルティを受けます。,動物使役（Animalism）、迅速（Celerity）、堅牢（Fortitude）の3つの訓えを標準で習得可能です。,アニマリズム (動物使役),獣との交信、統制、召喚、および肉体に獣の力を宿す野性の訓え。動物を意のままに操り、獣の鋭利な爪牙を肉体に具現化させる。,1,甘き囁き (Sweet Whispers),1-dot Social Animalism,アクション (Action),社会: カリスマ (Charisma),なし (None),対象の平静 (Target's Composure),近距離 (Near),1シーン (One scene),動物と心を通わせ、簡単な命令や任務を実行させる。,動物と意思疎通を行い、簡単な命令を下して従わせる。対象の動物は術者を同盟者または群れのリーダー（アルファ）として認識する。,"•••: 同時に最大3匹の動物に命令を下すことができる。
•••••: 動物の群れやスウォーム全体に命令を下すことができる。",Communicate with and command an animal to perform a simple task. The animal views you as an ally or alpha.,"•••: Compel up to 3 animals at once.
•••••: Compel a pack or swarm."
ギャンレル,Gangrel,凶暴さこそが、真実と知恵への道である。,原野のサバイバリスト、密猟者、バイカー、放浪の遊牧民、野性のプレデター,ギャンレルは、真の自由とは抱擁によってもたらされた「狩人」であり「獣」である己の姿をそのまま受け入れることから生まれると説きます。内なる獣は血の侵入者ではなく、その最も純粋な表現であり、その野性を理解することこそが真の生存の道であると考えます。多くのギャンレルは都市の欺瞞や宮廷の政治を嫌って辺境や荒野を放浪し、都市に残る者もコンクリートのジャングルの中で孤高の頂点捕食者として縄張りを守ります。,野性的 (Embraced Beast): 文明の制約から解き放たれ、捕食者の本能に従って行動することを求めます。単独で狩りを行い、縄張りを主張・防衛し、野生の論理に従うことで獣を満たします。,受け入れられし獣 (Feral Feature): 狂乱するたびに獣の痕跡（牙、爪、毛皮、裂けた瞳など）が肉体に現れます。この特徴が消えるまでの間、人間として振る舞う判定や人間との社会的交渉の難易度が［世代修正値］分上昇します。,野性の衝動 (Feral Impulses): 理性の一切を失い、完全に動物の本能に支配されます。道具や言語、精神系・社会系の訓えの使用が不能となり、物理攻撃に［世代修正値］のボーナスを得る一方、防御判定に同値のペナルティを受けます。,動物使役（Animalism）、迅速（Celerity）、堅牢（Fortitude）の3つの訓えを標準で習得可能です。,アニマリズム (動物使役),獣との交信、統制、召喚、および肉体に獣の力を宿す野性の訓え。動物を意のままに操り、獣の鋭利な爪牙を肉体に具現化させる。,2,動物の伝令 (Animal Messenger),2-dot Social Animalism,アクション (Action),社会: 操作力 (Manipulation),1ヴィータイ (1 Vitae),なし (None),近距離 (Near),伝令完了まで (Until delivered),動物にメッセージを託し、指定した相手へ届けさせる。,動物に口頭のメッセージまたは精神的イメージを吹き込み、都市内の指定された受取人のもとへと届けるよう送り出す。,"•••: 都市間や広大な荒野を越えてメッセージを届けることができる。
•••••: メッセージ到達時に動物の視覚を通じて周囲の状況を確認できる。",Imbue an animal with a spoken message or mental image and send it to a designated recipient within the city.,"•••: The animal can travel across cities or wilderness.
•••••: You can view through the animal's eyes upon delivery."
ギャンレル,Gangrel,凶暴さこそが、真実と知恵への道である。,原野のサバイバリスト、密猟者、バイカー、放浪の遊牧民、野性のプレデター,ギャンレルは、真の自由とは抱擁によってもたらされた「狩人」であり「獣」である己の姿をそのまま受け入れることから生まれると説きます。内なる獣は血の侵入者ではなく、その最も純粋な表現であり、その野性を理解することこそが真の生存の道であると考えます。多くのギャンレルは都市の欺瞞や宮廷の政治を嫌って辺境や荒野を放浪し、都市に残る者もコンクリートのジャングルの中で孤高の頂点捕食者として縄張りを守ります。,野性的 (Embraced Beast): 文明の制約から解き放たれ、捕食者の本能に従って行動することを求めます。単独で狩りを行い、縄張りを主張・防衛し、野生の論理に従うことで獣を満たします。,受け入れられし獣 (Feral Feature): 狂乱するたびに獣の痕跡（牙、爪、毛皮、裂けた瞳など）が肉体に現れます。この特徴が消えるまでの間、人間として振る舞う判定や人間との社会的交渉の難易度が［世代修正値］分上昇します。,野性の衝動 (Feral Impulses): 理性の一切を失い、完全に動物の本能に支配されます。道具や言語、精神系・社会系の訓えの使用が不能となり、物理攻撃に［世代修正値］のボーナスを得る一方、防御判定に同値のペナルティを受けます。,動物使役（Animalism）、迅速（Celerity）、堅牢（Fortitude）の3つの訓えを標準で習得可能です。,アニマリズム (動物使役),獣との交信、統制、召喚、および肉体に獣の力を宿す野性の訓え。動物を意のままに操り、獣の鋭利な爪牙を肉体に具現化させる。,2,野性の呼び声 (Call of the Wild),2-dot Social Animalism,アクション (Action),社会: カリスマ (Charisma),1ヴィータイ (1 Vitae),なし (None),中距離 (Medium),1シーン (One scene),特定の種類の動物を咆哮で呼び集める。,超自然的な遠吠えや呼び声を放ち、付近にいる特定の種族の動物（犬、ネズミ、鳥など）を術者の居場所へと一斉に集結させる。,"•••: 通常の半分の時間で動物たちが集結する。
•••••: 都市の1つの区画（ディストリクト）全体の動物を呼び集める。","Let out a supernatural howl or call that summons all nearby animals of a specific species (dogs, rats, birds) to your location.","•••: Animals arrive in half the time.
•••••: Summons all animals within an entire city district."
ギャンレル,Gangrel,凶暴さこそが、真実と知恵への道である。,原野のサバイバリスト、密猟者、バイカー、放浪の遊牧民、野性のプレデター,ギャンレルは、真の自由とは抱擁によってもたらされた「狩人」であり「獣」である己の姿をそのまま受け入れることから生まれると説きます。内なる獣は血の侵入者ではなく、その最も純粋な表現であり、その野性を理解することこそが真の生存の道であると考えます。多くのギャンレルは都市の欺瞞や宮廷の政治を嫌って辺境や荒野を放浪し、都市に残る者もコンクリートのジャングルの中で孤高の頂点捕食者として縄張りを守ります。,野性的 (Embraced Beast): 文明の制約から解き放たれ、捕食者の本能に従って行動することを求めます。単独で狩りを行い、縄張りを主張・防衛し、野生の論理に従うことで獣を満たします。,受け入れられし獣 (Feral Feature): 狂乱するたびに獣の痕跡（牙、爪、毛皮、裂けた瞳など）が肉体に現れます。この特徴が消えるまでの間、人間として振る舞う判定や人間との社会的交渉の難易度が［世代修正値］分上昇します。,野性の衝動 (Feral Impulses): 理性の一切を失い、完全に動物の本能に支配されます。道具や言語、精神系・社会系の訓えの使用が不能となり、物理攻撃に［世代修正値］のボーナスを得る一方、防御判定に同値のペナルティを受けます。,動物使役（Animalism）、迅速（Celerity）、堅牢（Fortitude）の3つの訓えを標準で習得可能です。,アニマリズム (動物使役),獣との交信、統制、召喚、および肉体に獣の力を宿す野性の訓え。動物を意のままに操り、獣の鋭利な爪牙を肉体に具現化させる。,2,野性の爪 (Feral Claws),2-dot Physical Animalism,アクション (Action),肉体: 筋力 (Strength),1ヴィータイ (1 Vitae),なし (None),術者自身 (Self),1シーン (One scene),爪や牙を鋭利に伸ばし、素手攻撃で破滅的ダメージを与える。,手足の爪や牙が鋭利かつ凶悪な獣の鉤爪へと伸長する。素手による〈格闘〉攻撃が、人間および吸血鬼に対して破滅的（Aggravated）ダメージを与えるようになる。,"•••: 爪攻撃に装甲貫通（アーマーピアッシング）特性が付与される。
•••••: 爪攻撃を受けた傷口に出血が継続する追加効果が付与される。","Your nails or fangs lengthen into vicious, razor-sharp claws. Your unarmed brawl attacks deal Aggravated damage to mortals and Kindred.","•••: Claws gain armor-piercing quality.
•••••: Claws cause lingering bleed damage."
ギャンレル,Gangrel,凶暴さこそが、真実と知恵への道である。,原野のサバイバリスト、密猟者、バイカー、放浪の遊牧民、野性のプレデター,ギャンレルは、真の自由とは抱擁によってもたらされた「狩人」であり「獣」である己の姿をそのまま受け入れることから生まれると説きます。内なる獣は血の侵入者ではなく、その最も純粋な表現であり、その野性を理解することこそが真の生存の道であると考えます。多くのギャンレルは都市の欺瞞や宮廷の政治を嫌って辺境や荒野を放浪し、都市に残る者もコンクリートのジャングルの中で孤高の頂点捕食者として縄張りを守ります。,野性的 (Embraced Beast): 文明の制約から解き放たれ、捕食者の本能に従って行動することを求めます。単独で狩りを行い、縄張りを主張・防衛し、野生の論理に従うことで獣を満たします。,受け入れられし獣 (Feral Feature): 狂乱するたびに獣の痕跡（牙、爪、毛皮、裂けた瞳など）が肉体に現れます。この特徴が消えるまでの間、人間として振る舞う判定や人間との社会的交渉の難易度が［世代修正値］分上昇します。,野性の衝動 (Feral Impulses): 理性の一切を失い、完全に動物の本能に支配されます。道具や言語、精神系・社会系の訓えの使用が不能となり、物理攻撃に［世代修正値］のボーナスを得る一方、防御判定に同値のペナルティを受けます。,動物使役（Animalism）、迅速（Celerity）、堅牢（Fortitude）の3つの訓えを標準で習得可能です。,アニマリズム (動物使役),獣との交信、統制、召喚、および肉体に獣の力を宿す野性の訓え。動物を意のままに操り、獣の鋭利な爪牙を肉体に具現化させる。,3,獣化 (Beast Shape),3-dot Physical Animalism,アクション (Action),肉体: 持久力 (Stamina),2ヴィータイ (2 Vitae),なし (None),術者自身 (Self),1シーン (One scene),肉体を自身と同等質量の動物へと完全に変身させる。,自身の肉体を、質量が同等程度の動物（狼、大型犬、ピューマ、大フクロウなど）へと完全に変化させる。その動物の身体的特徴や感覚を獲得する。,•••••: 小型動物（コウモリ、ネズミ）や大型の猛獣（熊など）にも変身可能となる。,"Transform your body completely into an animal roughly equivalent in mass (wolf, large dog, panther, great owl). Gain animal's physical traits.","•••••: Can transform into small animals (bat, rat) or huge beasts (bear)."
ギャンレル,Gangrel,凶暴さこそが、真実と知恵への道である。,原野のサバイバリスト、密猟者、バイカー、放浪の遊牧民、野性のプレデター,ギャンレルは、真の自由とは抱擁によってもたらされた「狩人」であり「獣」である己の姿をそのまま受け入れることから生まれると説きます。内なる獣は血の侵入者ではなく、その最も純粋な表現であり、その野性を理解することこそが真の生存の道であると考えます。多くのギャンレルは都市の欺瞞や宮廷の政治を嫌って辺境や荒野を放浪し、都市に残る者もコンクリートのジャングルの中で孤高の頂点捕食者として縄張りを守ります。,野性的 (Embraced Beast): 文明の制約から解き放たれ、捕食者の本能に従って行動することを求めます。単独で狩りを行い、縄張りを主張・防衛し、野生の論理に従うことで獣を満たします。,受け入れられし獣 (Feral Feature): 狂乱するたびに獣の痕跡（牙、爪、毛皮、裂けた瞳など）が肉体に現れます。この特徴が消えるまでの間、人間として振る舞う判定や人間との社会的交渉の難易度が［世代修正値］分上昇します。,野性の衝動 (Feral Impulses): 理性の一切を失い、完全に動物の本能に支配されます。道具や言語、精神系・社会系の訓えの使用が不能となり、物理攻撃に［世代修正値］のボーナスを得る一方、防御判定に同値のペナルティを受けます。,動物使役（Animalism）、迅速（Celerity）、堅牢（Fortitude）の3つの訓えを標準で習得可能です。,アニマリズム (動物使役),獣との交信、統制、召喚、および肉体に獣の力を宿す野性の訓え。動物を意のままに操り、獣の鋭利な爪牙を肉体に具現化させる。,3,獣の大群 (Plague of Beasts),3-dot Social Animalism,アクション (Action),社会: 操作力 (Manipulation),1ヴィータイ (1 Vitae),対象の平静 (Target's Composure),中距離 (Medium),1シーン (One scene),小動物の大群を指揮し、標的を執拗に襲撃・妨害させる。,ネズミ、昆虫、ハトなどの小動物の群れを操り、指定した対象に執拗に群がらせ、視界を塞ぎ、噛みつかせ、行動に厳しいダイスペナルティを課す。,•••••: 群れが毎ターン対象に致死ダメージを与えるようになる。,"Command swarms of small beasts (rats, insects, pigeons) to relentlessly harass, blind, and bite a designated target, imposing severe dice penalties.",•••••: Swarm deals lethal damage each turn.
ギャンレル,Gangrel,凶暴さこそが、真実と知恵への道である。,原野のサバイバリスト、密猟者、バイカー、放浪の遊牧民、野性のプレデター,ギャンレルは、真の自由とは抱擁によってもたらされた「狩人」であり「獣」である己の姿をそのまま受け入れることから生まれると説きます。内なる獣は血の侵入者ではなく、その最も純粋な表現であり、その野性を理解することこそが真の生存の道であると考えます。多くのギャンレルは都市の欺瞞や宮廷の政治を嫌って辺境や荒野を放浪し、都市に残る者もコンクリートのジャングルの中で孤高の頂点捕食者として縄張りを守ります。,野性的 (Embraced Beast): 文明の制約から解き放たれ、捕食者の本能に従って行動することを求めます。単独で狩りを行い、縄張りを主張・防衛し、野生の論理に従うことで獣を満たします。,受け入れられし獣 (Feral Feature): 狂乱するたびに獣の痕跡（牙、爪、毛皮、裂けた瞳など）が肉体に現れます。この特徴が消えるまでの間、人間として振る舞う判定や人間との社会的交渉の難易度が［世代修正値］分上昇します。,野性の衝動 (Feral Impulses): 理性の一切を失い、完全に動物の本能に支配されます。道具や言語、精神系・社会系の訓えの使用が不能となり、物理攻撃に［世代修正値］のボーナスを得る一方、防御判定に同値のペナルティを受けます。,動物使役（Animalism）、迅速（Celerity）、堅牢（Fortitude）の3つの訓えを標準で習得可能です。,セレリティ (迅速・疾駆),超人的な反射速度、瞬発力、時間感覚の加速を可能にする神速の訓え。目にも留まらぬ速度で移動し、攻撃を回避し、複数回の手番を行う。,1,猫の身のこなし (Cat's Grace),1-dot Physical Celerity,アクション (Action),肉体: 敏捷力 (Dexterity),なし (None),なし (None),術者自身 (Self),1ターン (One turn),驚異的な平衡感覚を得て、細い足場や不安定な瓦礫の上を疾走する。,超自然的なバランス感覚を発揮し、ワイヤーの上、狭い突起、崩れやすい足場の上を一切転落することなく高速で走り抜ける。,"•••: 短時間であれば垂直な壁面を駆け上がることができる。
•••••: 水面や液体の表面を沈まずに駆け抜けることができる。","Move with supernatural balance, running across wires, narrow ledges, or unstable debris without falling.","•••: Can run across vertical walls for short bursts.
•••••: Can run across liquids."
ギャンレル,Gangrel,凶暴さこそが、真実と知恵への道である。,原野のサバイバリスト、密猟者、バイカー、放浪の遊牧民、野性のプレデター,ギャンレルは、真の自由とは抱擁によってもたらされた「狩人」であり「獣」である己の姿をそのまま受け入れることから生まれると説きます。内なる獣は血の侵入者ではなく、その最も純粋な表現であり、その野性を理解することこそが真の生存の道であると考えます。多くのギャンレルは都市の欺瞞や宮廷の政治を嫌って辺境や荒野を放浪し、都市に残る者もコンクリートのジャングルの中で孤高の頂点捕食者として縄張りを守ります。,野性的 (Embraced Beast): 文明の制約から解き放たれ、捕食者の本能に従って行動することを求めます。単独で狩りを行い、縄張りを主張・防衛し、野生の論理に従うことで獣を満たします。,受け入れられし獣 (Feral Feature): 狂乱するたびに獣の痕跡（牙、爪、毛皮、裂けた瞳など）が肉体に現れます。この特徴が消えるまでの間、人間として振る舞う判定や人間との社会的交渉の難易度が［世代修正値］分上昇します。,野性の衝動 (Feral Impulses): 理性の一切を失い、完全に動物の本能に支配されます。道具や言語、精神系・社会系の訓えの使用が不能となり、物理攻撃に［世代修正値］のボーナスを得る一方、防御判定に同値のペナルティを受けます。,動物使役（Animalism）、迅速（Celerity）、堅牢（Fortitude）の3つの訓えを標準で習得可能です。,セレリティ (迅速・疾駆),超人的な反射速度、瞬発力、時間感覚の加速を可能にする神速の訓え。目にも留まらぬ速度で移動し、攻撃を回避し、複数回の手番を行う。,1,敏捷なる反射 (Rapid Reflexes),1-dot Physical Celerity,リアクション (Reaction),肉体: 敏捷力 (Dexterity),1ヴィータイ (1 Vitae),なし (None),術者自身 (Self),1ターン (One turn),神速の反射神経で身を躱し、あらゆる攻撃の防御テストを強化する。,超人的な反射速度で迫り来る攻撃を回避する。あらゆる物理攻撃に対する自身の防御プールに［セレリティのドット数］を加える。,"•••: 遮蔽物のない状態でも銃弾を回避することができる。
•••••: 回避した銃弾や投擲物の弾道を逸らして別の方向へ弾くことができる。",Dodge incoming attacks with preternatural speed. Add dots in Celerity to your defense pools against physical attacks.,"•••: Can dodge bullets without cover.
•••••: Can redirect missed projectile attacks."
ギャンレル,Gangrel,凶暴さこそが、真実と知恵への道である。,原野のサバイバリスト、密猟者、バイカー、放浪の遊牧民、野性のプレデター,ギャンレルは、真の自由とは抱擁によってもたらされた「狩人」であり「獣」である己の姿をそのまま受け入れることから生まれると説きます。内なる獣は血の侵入者ではなく、その最も純粋な表現であり、その野性を理解することこそが真の生存の道であると考えます。多くのギャンレルは都市の欺瞞や宮廷の政治を嫌って辺境や荒野を放浪し、都市に残る者もコンクリートのジャングルの中で孤高の頂点捕食者として縄張りを守ります。,野性的 (Embraced Beast): 文明の制約から解き放たれ、捕食者の本能に従って行動することを求めます。単独で狩りを行い、縄張りを主張・防衛し、野生の論理に従うことで獣を満たします。,受け入れられし獣 (Feral Feature): 狂乱するたびに獣の痕跡（牙、爪、毛皮、裂けた瞳など）が肉体に現れます。この特徴が消えるまでの間、人間として振る舞う判定や人間との社会的交渉の難易度が［世代修正値］分上昇します。,野性の衝動 (Feral Impulses): 理性の一切を失い、完全に動物の本能に支配されます。道具や言語、精神系・社会系の訓えの使用が不能となり、物理攻撃に［世代修正値］のボーナスを得る一方、防御判定に同値のペナルティを受けます。,動物使役（Animalism）、迅速（Celerity）、堅牢（Fortitude）の3つの訓えを標準で習得可能です。,セレリティ (迅速・疾駆),超人的な反射速度、瞬発力、時間感覚の加速を可能にする神速の訓え。目にも留まらぬ速度で移動し、攻撃を回避し、複数回の手番を行う。,1,震動の手 (Vibrating Hands),1-dot Physical Celerity,アクション (Action),肉体: 敏捷力 (Dexterity),1ヴィータイ (1 Vitae),なし (None),接触 (Touch),即時 (Instant),手を高速振動させ、触れるだけで鍵や固形物を瞬時に粉砕する。,両手を極超音速で振動させ、触れた鍵を破壊し、窓ガラスを粉砕し、コンクリートに亀裂を入れる。,"•••: 強化鋼鉄製の特殊錠前をも粉砕できる。
•••••: 装甲化されたエンジンブロックすらも粉々に破壊できる。","Vibrate your hands at hyperspeed to shatter locks, shatter glass, or crack concrete with a single touch.","•••: Destroys reinforced steel locks.
•••••: Can shatter armored engine blocks."
ギャンレル,Gangrel,凶暴さこそが、真実と知恵への道である。,原野のサバイバリスト、密猟者、バイカー、放浪の遊牧民、野性のプレデター,ギャンレルは、真の自由とは抱擁によってもたらされた「狩人」であり「獣」である己の姿をそのまま受け入れることから生まれると説きます。内なる獣は血の侵入者ではなく、その最も純粋な表現であり、その野性を理解することこそが真の生存の道であると考えます。多くのギャンレルは都市の欺瞞や宮廷の政治を嫌って辺境や荒野を放浪し、都市に残る者もコンクリートのジャングルの中で孤高の頂点捕食者として縄張りを守ります。,野性的 (Embraced Beast): 文明の制約から解き放たれ、捕食者の本能に従って行動することを求めます。単独で狩りを行い、縄張りを主張・防衛し、野生の論理に従うことで獣を満たします。,受け入れられし獣 (Feral Feature): 狂乱するたびに獣の痕跡（牙、爪、毛皮、裂けた瞳など）が肉体に現れます。この特徴が消えるまでの間、人間として振る舞う判定や人間との社会的交渉の難易度が［世代修正値］分上昇します。,野性の衝動 (Feral Impulses): 理性の一切を失い、完全に動物の本能に支配されます。道具や言語、精神系・社会系の訓えの使用が不能となり、物理攻撃に［世代修正値］のボーナスを得る一方、防御判定に同値のペナルティを受けます。,動物使役（Animalism）、迅速（Celerity）、堅牢（Fortitude）の3つの訓えを標準で習得可能です。,セレリティ (迅速・疾駆),超人的な反射速度、瞬発力、時間感覚の加速を可能にする神速の訓え。目にも留まらぬ速度で移動し、攻撃を回避し、複数回の手番を行う。,2,瞬動 (Blink),2-dot Physical Celerity,アクション (Action),肉体: 敏捷力 (Dexterity),1ヴィータイ (1 Vitae),なし (None),術者自身 (Self),即時 (Instant),目にも留まらぬ速度で移動し、中距離を一瞬で駆け抜ける。,瞬きの間に中距離（Medium）までの距離を疾走する。目撃者からは、術者がその場から消え去り、一瞬で目的地に現れたように見える。,"•••: 長距離（Long）までの距離を一瞬で移動できるようになる。
•••••: 移動時に同行者1人を抱えて共にブリンク移動できる。",Move up to Medium distance in the blink of an eye. Observers see you vanish and reappear instantly.,"•••: Move up to Long distance.
•••••: Can carry a passenger while blinking."
ギャンレル,Gangrel,凶暴さこそが、真実と知恵への道である。,原野のサバイバリスト、密猟者、バイカー、放浪の遊牧民、野性のプレデター,ギャンレルは、真の自由とは抱擁によってもたらされた「狩人」であり「獣」である己の姿をそのまま受け入れることから生まれると説きます。内なる獣は血の侵入者ではなく、その最も純粋な表現であり、その野性を理解することこそが真の生存の道であると考えます。多くのギャンレルは都市の欺瞞や宮廷の政治を嫌って辺境や荒野を放浪し、都市に残る者もコンクリートのジャングルの中で孤高の頂点捕食者として縄張りを守ります。,野性的 (Embraced Beast): 文明の制約から解き放たれ、捕食者の本能に従って行動することを求めます。単独で狩りを行い、縄張りを主張・防衛し、野生の論理に従うことで獣を満たします。,受け入れられし獣 (Feral Feature): 狂乱するたびに獣の痕跡（牙、爪、毛皮、裂けた瞳など）が肉体に現れます。この特徴が消えるまでの間、人間として振る舞う判定や人間との社会的交渉の難易度が［世代修正値］分上昇します。,野性の衝動 (Feral Impulses): 理性の一切を失い、完全に動物の本能に支配されます。道具や言語、精神系・社会系の訓えの使用が不能となり、物理攻撃に［世代修正値］のボーナスを得る一方、防御判定に同値のペナルティを受けます。,動物使役（Animalism）、迅速（Celerity）、堅牢（Fortitude）の3つの訓えを標準で習得可能です。,セレリティ (迅速・疾駆),超人的な反射速度、瞬発力、時間感覚の加速を可能にする神速の訓え。目にも留まらぬ速度で移動し、攻撃を回避し、複数回の手番を行う。,2,神速の作業 (Rush Job),2-dot Mental Celerity,アクション (Action),精神: 機知 (Wits),1ヴィータイ (1 Vitae),なし (None),術者自身 (Self),即時 (Instant),複雑な手作業（ピッキング、武器組立、捜索等）を数秒で完了する。,ピッキング、銃器の分解組立、部屋の捜索など、本来なら数分から数十分を要する精密な物理作業を、わずか数秒で完璧に完了させる。,"•••: 数時間かかる膨大な作業をわずか1分で完了させることができる。
•••••: 暗号化された複雑な文書を一瞬で解読・筆写できる。","Complete complex manual tasks (picking locks, assembling weapons, searching a room) in mere seconds rather than minutes.","•••: Complete hours of work in one minute.
•••••: Decipher encrypted text in moments."
ギャンレル,Gangrel,凶暴さこそが、真実と知恵への道である。,原野のサバイバリスト、密猟者、バイカー、放浪の遊牧民、野性のプレデター,ギャンレルは、真の自由とは抱擁によってもたらされた「狩人」であり「獣」である己の姿をそのまま受け入れることから生まれると説きます。内なる獣は血の侵入者ではなく、その最も純粋な表現であり、その野性を理解することこそが真の生存の道であると考えます。多くのギャンレルは都市の欺瞞や宮廷の政治を嫌って辺境や荒野を放浪し、都市に残る者もコンクリートのジャングルの中で孤高の頂点捕食者として縄張りを守ります。,野性的 (Embraced Beast): 文明の制約から解き放たれ、捕食者の本能に従って行動することを求めます。単独で狩りを行い、縄張りを主張・防衛し、野生の論理に従うことで獣を満たします。,受け入れられし獣 (Feral Feature): 狂乱するたびに獣の痕跡（牙、爪、毛皮、裂けた瞳など）が肉体に現れます。この特徴が消えるまでの間、人間として振る舞う判定や人間との社会的交渉の難易度が［世代修正値］分上昇します。,野性の衝動 (Feral Impulses): 理性の一切を失い、完全に動物の本能に支配されます。道具や言語、精神系・社会系の訓えの使用が不能となり、物理攻撃に［世代修正値］のボーナスを得る一方、防御判定に同値のペナルティを受けます。,動物使役（Animalism）、迅速（Celerity）、堅牢（Fortitude）の3つの訓えを標準で習得可能です。,セレリティ (迅速・疾駆),超人的な反射速度、瞬発力、時間感覚の加速を可能にする神速の訓え。目にも留まらぬ速度で移動し、攻撃を回避し、複数回の手番を行う。,2,優雅なる身のこなし (Willful Grace),2-dot Physical Celerity,アクション (Action),肉体: 敏捷力 (Dexterity),意志力1点 (1 Willpower),なし (None),術者自身 (Self),1シーン (One scene),軽業・平衡感覚のテストで自動成功を得て、滑らかに移動する。,アクロバット、敏捷性、平衡感覚に関するテストで自動成功を獲得し、あらゆる悪路や危険な地形を一切の滞りなく優雅に滑走する。,"•••: 転倒（足払い）や組み付き攻撃に対して完全な耐性を得る。
•••••: 莫大な距離を羽毛のように軽々と跳躍できる。","Gain automatic successes on acrobatics, agility, and balance tests, gliding effortlessly through hazardous terrain.","•••: Immune to being tripped or grappled.
•••••: Can leap enormous distances effortlessly."
ギャンレル,Gangrel,凶暴さこそが、真実と知恵への道である。,原野のサバイバリスト、密猟者、バイカー、放浪の遊牧民、野性のプレデター,ギャンレルは、真の自由とは抱擁によってもたらされた「狩人」であり「獣」である己の姿をそのまま受け入れることから生まれると説きます。内なる獣は血の侵入者ではなく、その最も純粋な表現であり、その野性を理解することこそが真の生存の道であると考えます。多くのギャンレルは都市の欺瞞や宮廷の政治を嫌って辺境や荒野を放浪し、都市に残る者もコンクリートのジャングルの中で孤高の頂点捕食者として縄張りを守ります。,野性的 (Embraced Beast): 文明の制約から解き放たれ、捕食者の本能に従って行動することを求めます。単独で狩りを行い、縄張りを主張・防衛し、野生の論理に従うことで獣を満たします。,受け入れられし獣 (Feral Feature): 狂乱するたびに獣の痕跡（牙、爪、毛皮、裂けた瞳など）が肉体に現れます。この特徴が消えるまでの間、人間として振る舞う判定や人間との社会的交渉の難易度が［世代修正値］分上昇します。,野性の衝動 (Feral Impulses): 理性の一切を失い、完全に動物の本能に支配されます。道具や言語、精神系・社会系の訓えの使用が不能となり、物理攻撃に［世代修正値］のボーナスを得る一方、防御判定に同値のペナルティを受けます。,動物使役（Animalism）、迅速（Celerity）、堅牢（Fortitude）の3つの訓えを標準で習得可能です。,セレリティ (迅速・疾駆),超人的な反射速度、瞬発力、時間感覚の加速を可能にする神速の訓え。目にも留まらぬ速度で移動し、攻撃を回避し、複数回の手番を行う。,3,残像の突破 (Blurred Passage),3-dot Physical Celerity,アクション (Action),肉体: 敏捷力 (Dexterity),2ヴィータイ (2 Vitae),なし (None),術者自身 (Self),即時 (Instant),分子レベルで肉体を高速振動させ、壁や扉をすり抜ける。,肉体の分子振動を極限まで加速させることで、固体の壁や強固な扉を傷つけることなくそのまま通り抜ける。,•••••: 銀行の金庫扉のような軍事規格の強化装甲壁をもすり抜けられる。,Vibrate your molecules so fast that you phase through a solid wall or door without damage.,•••••: Can phase through bank-grade reinforced barriers.
ギャンレル,Gangrel,凶暴さこそが、真実と知恵への道である。,原野のサバイバリスト、密猟者、バイカー、放浪の遊牧民、野性のプレデター,ギャンレルは、真の自由とは抱擁によってもたらされた「狩人」であり「獣」である己の姿をそのまま受け入れることから生まれると説きます。内なる獣は血の侵入者ではなく、その最も純粋な表現であり、その野性を理解することこそが真の生存の道であると考えます。多くのギャンレルは都市の欺瞞や宮廷の政治を嫌って辺境や荒野を放浪し、都市に残る者もコンクリートのジャングルの中で孤高の頂点捕食者として縄張りを守ります。,野性的 (Embraced Beast): 文明の制約から解き放たれ、捕食者の本能に従って行動することを求めます。単独で狩りを行い、縄張りを主張・防衛し、野生の論理に従うことで獣を満たします。,受け入れられし獣 (Feral Feature): 狂乱するたびに獣の痕跡（牙、爪、毛皮、裂けた瞳など）が肉体に現れます。この特徴が消えるまでの間、人間として振る舞う判定や人間との社会的交渉の難易度が［世代修正値］分上昇します。,野性の衝動 (Feral Impulses): 理性の一切を失い、完全に動物の本能に支配されます。道具や言語、精神系・社会系の訓えの使用が不能となり、物理攻撃に［世代修正値］のボーナスを得る一方、防御判定に同値のペナルティを受けます。,動物使役（Animalism）、迅速（Celerity）、堅牢（Fortitude）の3つの訓えを標準で習得可能です。,セレリティ (迅速・疾駆),超人的な反射速度、瞬発力、時間感覚の加速を可能にする神速の訓え。目にも留まらぬ速度で移動し、攻撃を回避し、複数回の手番を行う。,3,闘士の捷速 (Fighter's Alacrity),3-dot Physical Celerity,アクション (Action),肉体: 敏捷力 (Dexterity),2ヴィータイ (2 Vitae),なし (None),術者自身 (Self),1ターン (One turn),1戦闘ラウンド中に2回分の完全な手番を行い、連続行動する。,他者が反応する隙を与えず、1つの戦闘ラウンド中に完全な2回の手番（移動およびアクション）を実行する。,•••••: 1戦闘ラウンド中に3回分の完全な手番を実行可能になる。,"Take two full turns in a single combat round, moving and attacking before others can react.",•••••: Take three full turns in a combat round.
ギャンレル,Gangrel,凶暴さこそが、真実と知恵への道である。,原野のサバイバリスト、密猟者、バイカー、放浪の遊牧民、野性のプレデター,ギャンレルは、真の自由とは抱擁によってもたらされた「狩人」であり「獣」である己の姿をそのまま受け入れることから生まれると説きます。内なる獣は血の侵入者ではなく、その最も純粋な表現であり、その野性を理解することこそが真の生存の道であると考えます。多くのギャンレルは都市の欺瞞や宮廷の政治を嫌って辺境や荒野を放浪し、都市に残る者もコンクリートのジャングルの中で孤高の頂点捕食者として縄張りを守ります。,野性的 (Embraced Beast): 文明の制約から解き放たれ、捕食者の本能に従って行動することを求めます。単独で狩りを行い、縄張りを主張・防衛し、野生の論理に従うことで獣を満たします。,受け入れられし獣 (Feral Feature): 狂乱するたびに獣の痕跡（牙、爪、毛皮、裂けた瞳など）が肉体に現れます。この特徴が消えるまでの間、人間として振る舞う判定や人間との社会的交渉の難易度が［世代修正値］分上昇します。,野性の衝動 (Feral Impulses): 理性の一切を失い、完全に動物の本能に支配されます。道具や言語、精神系・社会系の訓えの使用が不能となり、物理攻撃に［世代修正値］のボーナスを得る一方、防御判定に同値のペナルティを受けます。,動物使役（Animalism）、迅速（Celerity）、堅牢（Fortitude）の3つの訓えを標準で習得可能です。,フォーティチュード (堅牢・不屈),肉体を岩石や防弾板のように硬化させ、痛みや傷を瞬時に克服し、日光や致死ダメージにすら耐え抜く不死の耐久力の訓え。,1,不死者の忍耐 (Endurance of the Grave),1-dot Physical Fortitude,アクション (Action),肉体: 持久力 (Stamina),なし (None),なし (None),術者自身 (Self),1シーン (One scene),肉体の痛みを完全に無視し、負傷による全ペナルティを無効化する。,死せる肉体ゆえに肉体的苦痛を感じなくなる。負傷や肉体ダメージによって発生するすべてのダイスペナルティを完全に無視する。,なし,Your dead flesh feels no pain. Ignore all dice penalties resulting from physical damage and wounds.,None
ギャンレル,Gangrel,凶暴さこそが、真実と知恵への道である。,原野のサバイバリスト、密猟者、バイカー、放浪の遊牧民、野性のプレデター,ギャンレルは、真の自由とは抱擁によってもたらされた「狩人」であり「獣」である己の姿をそのまま受け入れることから生まれると説きます。内なる獣は血の侵入者ではなく、その最も純粋な表現であり、その野性を理解することこそが真の生存の道であると考えます。多くのギャンレルは都市の欺瞞や宮廷の政治を嫌って辺境や荒野を放浪し、都市に残る者もコンクリートのジャングルの中で孤高の頂点捕食者として縄張りを守ります。,野性的 (Embraced Beast): 文明の制約から解き放たれ、捕食者の本能に従って行動することを求めます。単独で狩りを行い、縄張りを主張・防衛し、野生の論理に従うことで獣を満たします。,受け入れられし獣 (Feral Feature): 狂乱するたびに獣の痕跡（牙、爪、毛皮、裂けた瞳など）が肉体に現れます。この特徴が消えるまでの間、人間として振る舞う判定や人間との社会的交渉の難易度が［世代修正値］分上昇します。,野性の衝動 (Feral Impulses): 理性の一切を失い、完全に動物の本能に支配されます。道具や言語、精神系・社会系の訓えの使用が不能となり、物理攻撃に［世代修正値］のボーナスを得る一方、防御判定に同値のペナルティを受けます。,動物使役（Animalism）、迅速（Celerity）、堅牢（Fortitude）の3つの訓えを標準で習得可能です。,フォーティチュード (堅牢・不屈),肉体を岩石や防弾板のように硬化させ、痛みや傷を瞬時に克服し、日光や致死ダメージにすら耐え抜く不死の耐久力の訓え。,1,強靭なる血の治癒 (Resilient Blood),1-dot Physical Fortitude,リアクション (Reaction),肉体: 持久力 (Stamina),1ヴィータイ (1 Vitae),なし (None),術者自身 (Self),即時 (Instant),骨折や深い傷口を瞬時に修復し、肉体を急速再生する。,折れた骨を繋ぎ合わせ、引き裂かれた傷口を瞬時に塞ぎ、物理攻撃によって失われた耐久力を超自然の血で即座に回復する。,"•••: 破滅的（Aggravated）ダメージすらも即座に修復可能となる。
•••••: 切断された指や抉られた眼球をも一瞬で再生させる。","Mend broken bones and close gaping wounds instantly, recovering Vitae lost to physical attacks.","•••: Mend aggravated damage.
•••••: Regrow severed digits or eyes instantly."
ギャンレル,Gangrel,凶暴さこそが、真実と知恵への道である。,原野のサバイバリスト、密猟者、バイカー、放浪の遊牧民、野性のプレデター,ギャンレルは、真の自由とは抱擁によってもたらされた「狩人」であり「獣」である己の姿をそのまま受け入れることから生まれると説きます。内なる獣は血の侵入者ではなく、その最も純粋な表現であり、その野性を理解することこそが真の生存の道であると考えます。多くのギャンレルは都市の欺瞞や宮廷の政治を嫌って辺境や荒野を放浪し、都市に残る者もコンクリートのジャングルの中で孤高の頂点捕食者として縄張りを守ります。,野性的 (Embraced Beast): 文明の制約から解き放たれ、捕食者の本能に従って行動することを求めます。単独で狩りを行い、縄張りを主張・防衛し、野生の論理に従うことで獣を満たします。,受け入れられし獣 (Feral Feature): 狂乱するたびに獣の痕跡（牙、爪、毛皮、裂けた瞳など）が肉体に現れます。この特徴が消えるまでの間、人間として振る舞う判定や人間との社会的交渉の難易度が［世代修正値］分上昇します。,野性の衝動 (Feral Impulses): 理性の一切を失い、完全に動物の本能に支配されます。道具や言語、精神系・社会系の訓えの使用が不能となり、物理攻撃に［世代修正値］のボーナスを得る一方、防御判定に同値のペナルティを受けます。,動物使役（Animalism）、迅速（Celerity）、堅牢（Fortitude）の3つの訓えを標準で習得可能です。,フォーティチュード (堅牢・不屈),肉体を岩石や防弾板のように硬化させ、痛みや傷を瞬時に克服し、日光や致死ダメージにすら耐え抜く不死の耐久力の訓え。,1,不屈の肉体 (Unyielding Flesh),1-dot Physical Fortitude,アクション (Action),肉体: 持久力 (Stamina),1ヴィータイ (1 Vitae),なし (None),術者自身 (Self),1シーン (One scene),皮膚を防弾石のように硬化させ、装甲値を高める。,皮膚を超自然的に硬化させ、刀剣や銃弾に対する装甲値に［フォーティチュードのドット数］を加える。,"•••: 小口径の銃弾を完全に弾き返し、無力化する。
•••••: 高威力のライフル弾や装甲貫通弾の直撃すらものともせず耐え抜く。",Skin hardens into ballistic stone. Add Fortitude dots to armor value against all physical attacks.,"•••: Completely immune to small caliber bullets.
•••••: Shrug off high-caliber rifle rounds."
ギャンレル,Gangrel,凶暴さこそが、真実と知恵への道である。,原野のサバイバリスト、密猟者、バイカー、放浪の遊牧民、野性のプレデター,ギャンレルは、真の自由とは抱擁によってもたらされた「狩人」であり「獣」である己の姿をそのまま受け入れることから生まれると説きます。内なる獣は血の侵入者ではなく、その最も純粋な表現であり、その野性を理解することこそが真の生存の道であると考えます。多くのギャンレルは都市の欺瞞や宮廷の政治を嫌って辺境や荒野を放浪し、都市に残る者もコンクリートのジャングルの中で孤高の頂点捕食者として縄張りを守ります。,野性的 (Embraced Beast): 文明の制約から解き放たれ、捕食者の本能に従って行動することを求めます。単独で狩りを行い、縄張りを主張・防衛し、野生の論理に従うことで獣を満たします。,受け入れられし獣 (Feral Feature): 狂乱するたびに獣の痕跡（牙、爪、毛皮、裂けた瞳など）が肉体に現れます。この特徴が消えるまでの間、人間として振る舞う判定や人間との社会的交渉の難易度が［世代修正値］分上昇します。,野性の衝動 (Feral Impulses): 理性の一切を失い、完全に動物の本能に支配されます。道具や言語、精神系・社会系の訓えの使用が不能となり、物理攻撃に［世代修正値］のボーナスを得る一方、防御判定に同値のペナルティを受けます。,動物使役（Animalism）、迅速（Celerity）、堅牢（Fortitude）の3つの訓えを標準で習得可能です。,フォーティチュード (堅牢・不屈),肉体を岩石や防弾板のように硬化させ、痛みや傷を瞬時に克服し、日光や致死ダメージにすら耐え抜く不死の耐久力の訓え。,2,陽光への抵抗 (Defy Sunlight),2-dot Physical Fortitude,アクション (Action),肉体: 持久力 (Stamina),2ヴィータイ (2 Vitae),なし (None),術者自身 (Self),訓えドット数に等しいターン数 (Turns = dots),日光の直撃に耐え、即座の炎上を防いでダメージを軽減する。,日光の熱情に耐え抜き、即座に激しく炎上することを防ぐ。日光による破滅的ダメージを通常ダメージへと格下げして耐え忍ぶ。,"•••: 数分間にわたって日光の下で活動できるようになる。
•••••: 最大1時間にわたって白昼の陽光の下で行動できるようになる。",Endure the touch of daylight without immediately burning. Downgrade sunlight damage to normal damage.,"•••: Can operate in sunlight for minutes.
•••••: Can operate in sunlight for one hour."
ギャンレル,Gangrel,凶暴さこそが、真実と知恵への道である。,原野のサバイバリスト、密猟者、バイカー、放浪の遊牧民、野性のプレデター,ギャンレルは、真の自由とは抱擁によってもたらされた「狩人」であり「獣」である己の姿をそのまま受け入れることから生まれると説きます。内なる獣は血の侵入者ではなく、その最も純粋な表現であり、その野性を理解することこそが真の生存の道であると考えます。多くのギャンレルは都市の欺瞞や宮廷の政治を嫌って辺境や荒野を放浪し、都市に残る者もコンクリートのジャングルの中で孤高の頂点捕食者として縄張りを守ります。,野性的 (Embraced Beast): 文明の制約から解き放たれ、捕食者の本能に従って行動することを求めます。単独で狩りを行い、縄張りを主張・防衛し、野生の論理に従うことで獣を満たします。,受け入れられし獣 (Feral Feature): 狂乱するたびに獣の痕跡（牙、爪、毛皮、裂けた瞳など）が肉体に現れます。この特徴が消えるまでの間、人間として振る舞う判定や人間との社会的交渉の難易度が［世代修正値］分上昇します。,野性の衝動 (Feral Impulses): 理性の一切を失い、完全に動物の本能に支配されます。道具や言語、精神系・社会系の訓えの使用が不能となり、物理攻撃に［世代修正値］のボーナスを得る一方、防御判定に同値のペナルティを受けます。,動物使役（Animalism）、迅速（Celerity）、堅牢（Fortitude）の3つの訓えを標準で習得可能です。,フォーティチュード (堅牢・不屈),肉体を岩石や防弾板のように硬化させ、痛みや傷を瞬時に克服し、日光や致死ダメージにすら耐え抜く不死の耐久力の訓え。,2,精神の城塞 (Fortify the Mind),2-dot Mental Fortitude,リアクション (Reaction),精神: 決意 (Resolve),意志力1点 (1 Willpower),なし (None),術者自身 (Self),1シーン (One scene),精神の防御壁を固め、ドミネイトや心理攻撃への抵抗力を高める。,意志の城壁を築き、ドミネイト（支配）、プレゼンス（威厳）、および心理的マインドコントロールに対する抵抗判定プールに［フォーティチュードのドット数］を加える。,なし,"Add Fortitude dots to resistance pools against Dominate, Presence, and psychological manipulation.",None
ギャンレル,Gangrel,凶暴さこそが、真実と知恵への道である。,原野のサバイバリスト、密猟者、バイカー、放浪の遊牧民、野性のプレデター,ギャンレルは、真の自由とは抱擁によってもたらされた「狩人」であり「獣」である己の姿をそのまま受け入れることから生まれると説きます。内なる獣は血の侵入者ではなく、その最も純粋な表現であり、その野性を理解することこそが真の生存の道であると考えます。多くのギャンレルは都市の欺瞞や宮廷の政治を嫌って辺境や荒野を放浪し、都市に残る者もコンクリートのジャングルの中で孤高の頂点捕食者として縄張りを守ります。,野性的 (Embraced Beast): 文明の制約から解き放たれ、捕食者の本能に従って行動することを求めます。単独で狩りを行い、縄張りを主張・防衛し、野生の論理に従うことで獣を満たします。,受け入れられし獣 (Feral Feature): 狂乱するたびに獣の痕跡（牙、爪、毛皮、裂けた瞳など）が肉体に現れます。この特徴が消えるまでの間、人間として振る舞う判定や人間との社会的交渉の難易度が［世代修正値］分上昇します。,野性の衝動 (Feral Impulses): 理性の一切を失い、完全に動物の本能に支配されます。道具や言語、精神系・社会系の訓えの使用が不能となり、物理攻撃に［世代修正値］のボーナスを得る一方、防御判定に同値のペナルティを受けます。,動物使役（Animalism）、迅速（Celerity）、堅牢（Fortitude）の3つの訓えを標準で習得可能です。,フォーティチュード (堅牢・不屈),肉体を岩石や防弾板のように硬化させ、痛みや傷を瞬時に克服し、日光や致死ダメージにすら耐え抜く不死の耐久力の訓え。,2,武器砕き (Shatter Weapon),2-dot Physical Fortitude,リアクション (Reaction),肉体: 持久力 (Stamina),1ヴィータイ (1 Vitae),なし (None),術者自身 (Self),即時 (Instant),武器で殴打された際、その衝撃を跳ね返して武器を粉砕する。,近接武器による攻撃を受けた際、その衝撃エネルギーをそのまま攻撃者の武器へと跳ね返し、接触した武器を瞬時に粉々に砕き散らす。,"•••: 超自然の魔法や魔力を帯びた武器すらも粉砕できる。
•••••: 受けた攻撃ダメージをそのまま攻撃者へと反射する。","When struck by a melee weapon, the force rebounds, shattering the weapon into fragments.","•••: Shatters enchanted weapons.
•••••: Reflects damage back to attacker."
ギャンレル,Gangrel,凶暴さこそが、真実と知恵への道である。,原野のサバイバリスト、密猟者、バイカー、放浪の遊牧民、野性のプレデター,ギャンレルは、真の自由とは抱擁によってもたらされた「狩人」であり「獣」である己の姿をそのまま受け入れることから生まれると説きます。内なる獣は血の侵入者ではなく、その最も純粋な表現であり、その野性を理解することこそが真の生存の道であると考えます。多くのギャンレルは都市の欺瞞や宮廷の政治を嫌って辺境や荒野を放浪し、都市に残る者もコンクリートのジャングルの中で孤高の頂点捕食者として縄張りを守ります。,野性的 (Embraced Beast): 文明の制約から解き放たれ、捕食者の本能に従って行動することを求めます。単独で狩りを行い、縄張りを主張・防衛し、野生の論理に従うことで獣を満たします。,受け入れられし獣 (Feral Feature): 狂乱するたびに獣の痕跡（牙、爪、毛皮、裂けた瞳など）が肉体に現れます。この特徴が消えるまでの間、人間として振る舞う判定や人間との社会的交渉の難易度が［世代修正値］分上昇します。,野性の衝動 (Feral Impulses): 理性の一切を失い、完全に動物の本能に支配されます。道具や言語、精神系・社会系の訓えの使用が不能となり、物理攻撃に［世代修正値］のボーナスを得る一方、防御判定に同値のペナルティを受けます。,動物使役（Animalism）、迅速（Celerity）、堅牢（Fortitude）の3つの訓えを標準で習得可能です。,フォーティチュード (堅牢・不屈),肉体を岩石や防弾板のように硬化させ、痛みや傷を瞬時に克服し、日光や致死ダメージにすら耐え抜く不死の耐久力の訓え。,3,装甲要塞 (Armored Fortress),3-dot Physical Fortitude,アクション (Action),肉体: 持久力 (Stamina),2ヴィータイ (2 Vitae),なし (None),術者自身 (Self),1シーン (One scene),全身を不壊のダイヤモンドのように硬化し、受ける全ダメージを半減する。,全身の肉体を金剛石のごとく硬化させ、あらゆる出所から受けるすべてのダメージを半分に切り捨てる。,•••••: いかなる攻撃に対しても、受けるダメージの最初の3ポイントを完全に無視する。,Skin turns into impenetrable impenetrable diamond. Halve all incoming damage from all sources.,•••••: Ignore the first 3 points of any damage.
ギャンレル,Gangrel,凶暴さこそが、真実と知恵への道である。,原野のサバイバリスト、密猟者、バイカー、放浪の遊牧民、野性のプレデター,ギャンレルは、真の自由とは抱擁によってもたらされた「狩人」であり「獣」である己の姿をそのまま受け入れることから生まれると説きます。内なる獣は血の侵入者ではなく、その最も純粋な表現であり、その野性を理解することこそが真の生存の道であると考えます。多くのギャンレルは都市の欺瞞や宮廷の政治を嫌って辺境や荒野を放浪し、都市に残る者もコンクリートのジャングルの中で孤高の頂点捕食者として縄張りを守ります。,野性的 (Embraced Beast): 文明の制約から解き放たれ、捕食者の本能に従って行動することを求めます。単独で狩りを行い、縄張りを主張・防衛し、野生の論理に従うことで獣を満たします。,受け入れられし獣 (Feral Feature): 狂乱するたびに獣の痕跡（牙、爪、毛皮、裂けた瞳など）が肉体に現れます。この特徴が消えるまでの間、人間として振る舞う判定や人間との社会的交渉の難易度が［世代修正値］分上昇します。,野性の衝動 (Feral Impulses): 理性の一切を失い、完全に動物の本能に支配されます。道具や言語、精神系・社会系の訓えの使用が不能となり、物理攻撃に［世代修正値］のボーナスを得る一方、防御判定に同値のペナルティを受けます。,動物使役（Animalism）、迅速（Celerity）、堅牢（Fortitude）の3つの訓えを標準で習得可能です。,フォーティチュード (堅牢・不屈),肉体を岩石や防弾板のように硬化させ、痛みや傷を瞬時に克服し、日光や致死ダメージにすら耐え抜く不死の耐久力の訓え。,3,不滅の生命力 (Undying Vitality),3-dot Physical Fortitude,リアクション (Reaction),肉体: 持久力 (Stamina),2ヴィータイ (2 Vitae),なし (None),術者自身 (Self),永続 (Permanent),首を刎ねられたり肉体を粉砕されても休眠し、時を経て蘇生する。,首を切断されたり、肉体が粉砕・焼失させられたとしても、血液が休眠（トーパー）にしがみつき、死を拒絶して時間をかけてゆっくりと肉体を再生させる。,•••••: 何世紀もの眠りではなく、わずか数夜のうちに休眠から蘇生する。,"Even if body is crushed or incinerated, your blood clings to torpor and slowly regenerates over time.",•••••: Awaken from torpor in nights rather than centuries.
ラソンブラ,Lasombra,影が世界を覆うとき、我らが世界を支配する。,冷酷な企業CEO、腐敗した聖職者、容赦なき社交界の黒幕、失脚した政治家、カルテルのフィクサー,ラソンブラは、世界はそれを支配する強い意志を持つ者のものであり、力とは与えられるものではなく冷徹な決意と闇の支配によって奪い取るものだと確信しています。彼らにとってあらゆる会議場や宮廷はチェス盤であり、劣る者は犠牲にされるべき駒にすぎません。極限の試練を生き残った強者のみを同胞として認めます。影そのものを物理的に操る能力や、他者の精神を絶対的に屈服させる技術に長けています。,処罰者 / 容赦なき野心 (Ruthless Ambition): 他者への絶対的勝利とライバルの屈服を渇望します。競争相手を罠に嵌め、支配権を誇示し、権力への道を阻む者を排除することで獣を満たします。,影の顕現 / 反射の歪み (Shadow Cast / Reflectionless): 鏡やカメラ、反射面に姿が正しく映らず、蠢く影や歪んだノイズになります。音声機器でも声が不気味に歪み、強い光や聖別された場所では超自然の露見難易度が［世代修正値］分上昇します。,冷酷 / 無情 (Ruthlessness): 冷徹で残忍な破壊衝動に駆られます。自分を挑発したり権威に逆らった者を徹底的に叩き潰し、味方や資産の犠牲をも顧みずに完全な屈服を強要します。,支配（Dominate）、怪力（Potence）に加え、選択訓えとして堕落（Corruption）または忘却（Oblivion）のいずれか一方を選択して習得します。,コラプション (堕落・誘惑),他者の心に疑念や悪夢、抑えがたい罪の欲望を植え付け、精神と魂を蝕んで意のままに操る闇の訓え。毒蛇への変身や猛毒の血をも操る。,1,矛盾の囁き (Contradict),1-dot Social Corruption,アクション (Action),社会: 操作力 (Manipulation),1ヴィータイ (1 Vitae),対象の平静 (Target's Composure),近距離 (Near),1ターン (One turn),疑念の囁きで対象の予定していた行動を正反対のものへと覆す。,相手の心に微細な疑念を囁きかけ、対象がその手番で予定していた意図や行動とは正反対のことを強制的に行わせる。,"•••: 同時に複数の対象に影響を与えることができる。
•••••: 対象を操り、その味方を攻撃させることができる。",Whisper a subtle doubt that forces the target to do the opposite of what they planned for their turn.,"•••: Affects multiple targets.
•••••: Forces target to attack their ally."
ラソンブラ,Lasombra,影が世界を覆うとき、我らが世界を支配する。,冷酷な企業CEO、腐敗した聖職者、容赦なき社交界の黒幕、失脚した政治家、カルテルのフィクサー,ラソンブラは、世界はそれを支配する強い意志を持つ者のものであり、力とは与えられるものではなく冷徹な決意と闇の支配によって奪い取るものだと確信しています。彼らにとってあらゆる会議場や宮廷はチェス盤であり、劣る者は犠牲にされるべき駒にすぎません。極限の試練を生き残った強者のみを同胞として認めます。影そのものを物理的に操る能力や、他者の精神を絶対的に屈服させる技術に長けています。,処罰者 / 容赦なき野心 (Ruthless Ambition): 他者への絶対的勝利とライバルの屈服を渇望します。競争相手を罠に嵌め、支配権を誇示し、権力への道を阻む者を排除することで獣を満たします。,影の顕現 / 反射の歪み (Shadow Cast / Reflectionless): 鏡やカメラ、反射面に姿が正しく映らず、蠢く影や歪んだノイズになります。音声機器でも声が不気味に歪み、強い光や聖別された場所では超自然の露見難易度が［世代修正値］分上昇します。,冷酷 / 無情 (Ruthlessness): 冷徹で残忍な破壊衝動に駆られます。自分を挑発したり権威に逆らった者を徹底的に叩き潰し、味方や資産の犠牲をも顧みずに完全な屈服を強要します。,支配（Dominate）、怪力（Potence）に加え、選択訓えとして堕落（Corruption）または忘却（Oblivion）のいずれか一方を選択して習得します。,コラプション (堕落・誘惑),他者の心に疑念や悪夢、抑えがたい罪の欲望を植え付け、精神と魂を蝕んで意のままに操る闇の訓え。毒蛇への変身や猛毒の血をも操る。,1,悪夢の幻視 (Nightmare Glimpses),1-dot Mental Corruption,アクション (Action),社会: 操作力 (Manipulation),意志力1点 (1 Willpower),対象の決意 (Target's Resolve),近距離 (Near),即時 (Instant),対象の最悪の恐怖を幻視させ、強烈な恐怖と躊躇を植え付ける。,対象の心の奥底にある最も根源的な恐怖の幻覚を見せつけ、パニックに陥らせて行動を躊躇・中断させる。,"•••: パニックに陥った対象が所持品をその場に投げ出してしまう。
•••••: 対象を恐怖による完全な麻痺状態に陥れる。","Cause the target to see horrifying visions of their deepest fears, inflicting terror and hesitation.","•••: Target drops items in panic.
•••••: Target suffers paralyzing terror."
ラソンブラ,Lasombra,影が世界を覆うとき、我らが世界を支配する。,冷酷な企業CEO、腐敗した聖職者、容赦なき社交界の黒幕、失脚した政治家、カルテルのフィクサー,ラソンブラは、世界はそれを支配する強い意志を持つ者のものであり、力とは与えられるものではなく冷徹な決意と闇の支配によって奪い取るものだと確信しています。彼らにとってあらゆる会議場や宮廷はチェス盤であり、劣る者は犠牲にされるべき駒にすぎません。極限の試練を生き残った強者のみを同胞として認めます。影そのものを物理的に操る能力や、他者の精神を絶対的に屈服させる技術に長けています。,処罰者 / 容赦なき野心 (Ruthless Ambition): 他者への絶対的勝利とライバルの屈服を渇望します。競争相手を罠に嵌め、支配権を誇示し、権力への道を阻む者を排除することで獣を満たします。,影の顕現 / 反射の歪み (Shadow Cast / Reflectionless): 鏡やカメラ、反射面に姿が正しく映らず、蠢く影や歪んだノイズになります。音声機器でも声が不気味に歪み、強い光や聖別された場所では超自然の露見難易度が［世代修正値］分上昇します。,冷酷 / 無情 (Ruthlessness): 冷徹で残忍な破壊衝動に駆られます。自分を挑発したり権威に逆らった者を徹底的に叩き潰し、味方や資産の犠牲をも顧みずに完全な屈服を強要します。,支配（Dominate）、怪力（Potence）に加え、選択訓えとして堕落（Corruption）または忘却（Oblivion）のいずれか一方を選択して習得します。,コラプション (堕落・誘惑),他者の心に疑念や悪夢、抑えがたい罪の欲望を植え付け、精神と魂を蝕んで意のままに操る闇の訓え。毒蛇への変身や猛毒の血をも操る。,1,自己疑念 (Self Doubt),1-dot Social Corruption,アクション (Action),社会: 操作力 (Manipulation),なし (None),対象の平静 (Target's Composure),近距離 (Near),1シーン (One scene),壊滅的な自己不信を植え付け、対象のテストにペナルティを与える。,対象の心に強烈な劣等感と自己不信を植え付け、持続時間中、対象のあらゆるテストに［コラプションのドット数］に等しいダイスペナルティを課す。,"•••: 声の届く範囲にいる対象の味方全員にもペナルティが適用される。
•••••: 交渉において対象が即座に白旗を揚げて屈服する。","Inflict crushing self-doubt on a target, imposing a dice penalty to their tests equal to your Corruption dots.","•••: Penalty applies to all allies within earshot.
•••••: Target yields immediately in negotiation."
ラソンブラ,Lasombra,影が世界を覆うとき、我らが世界を支配する。,冷酷な企業CEO、腐敗した聖職者、容赦なき社交界の黒幕、失脚した政治家、カルテルのフィクサー,ラソンブラは、世界はそれを支配する強い意志を持つ者のものであり、力とは与えられるものではなく冷徹な決意と闇の支配によって奪い取るものだと確信しています。彼らにとってあらゆる会議場や宮廷はチェス盤であり、劣る者は犠牲にされるべき駒にすぎません。極限の試練を生き残った強者のみを同胞として認めます。影そのものを物理的に操る能力や、他者の精神を絶対的に屈服させる技術に長けています。,処罰者 / 容赦なき野心 (Ruthless Ambition): 他者への絶対的勝利とライバルの屈服を渇望します。競争相手を罠に嵌め、支配権を誇示し、権力への道を阻む者を排除することで獣を満たします。,影の顕現 / 反射の歪み (Shadow Cast / Reflectionless): 鏡やカメラ、反射面に姿が正しく映らず、蠢く影や歪んだノイズになります。音声機器でも声が不気味に歪み、強い光や聖別された場所では超自然の露見難易度が［世代修正値］分上昇します。,冷酷 / 無情 (Ruthlessness): 冷徹で残忍な破壊衝動に駆られます。自分を挑発したり権威に逆らった者を徹底的に叩き潰し、味方や資産の犠牲をも顧みずに完全な屈服を強要します。,支配（Dominate）、怪力（Potence）に加え、選択訓えとして堕落（Corruption）または忘却（Oblivion）のいずれか一方を選択して習得します。,コラプション (堕落・誘惑),他者の心に疑念や悪夢、抑えがたい罪の欲望を植え付け、精神と魂を蝕んで意のままに操る闇の訓え。毒蛇への変身や猛毒の血をも操る。,2,永続する呪詛 (Lingering Curse),2-dot Social Corruption,アクション (Action),社会: 操作力 (Manipulation),1ヴィータイ (1 Vitae),対象の決意 (Target's Resolve),接触 (Touch),1夜 (One night),超自然的な不運を刻み込み、判定失敗時に破滅的結果を招かせる。,対象に災厄の呪いを付与する。対象が判定でファンブル（致命的失敗）を出した際、その結果が壊滅的な大惨事へと発展する。,"•••: 呪いの効果が1週間にわたって持続する。
•••••: 呪いの効果が1ヶ月間にわたって持続する。","Afflict target with supernatural bad luck; whenever they roll a critical failure, the consequences are disastrous.","•••: Lasts for a week.
•••••: Lasts for a month."
ラソンブラ,Lasombra,影が世界を覆うとき、我らが世界を支配する。,冷酷な企業CEO、腐敗した聖職者、容赦なき社交界の黒幕、失脚した政治家、カルテルのフィクサー,ラソンブラは、世界はそれを支配する強い意志を持つ者のものであり、力とは与えられるものではなく冷徹な決意と闇の支配によって奪い取るものだと確信しています。彼らにとってあらゆる会議場や宮廷はチェス盤であり、劣る者は犠牲にされるべき駒にすぎません。極限の試練を生き残った強者のみを同胞として認めます。影そのものを物理的に操る能力や、他者の精神を絶対的に屈服させる技術に長けています。,処罰者 / 容赦なき野心 (Ruthless Ambition): 他者への絶対的勝利とライバルの屈服を渇望します。競争相手を罠に嵌め、支配権を誇示し、権力への道を阻む者を排除することで獣を満たします。,影の顕現 / 反射の歪み (Shadow Cast / Reflectionless): 鏡やカメラ、反射面に姿が正しく映らず、蠢く影や歪んだノイズになります。音声機器でも声が不気味に歪み、強い光や聖別された場所では超自然の露見難易度が［世代修正値］分上昇します。,冷酷 / 無情 (Ruthlessness): 冷徹で残忍な破壊衝動に駆られます。自分を挑発したり権威に逆らった者を徹底的に叩き潰し、味方や資産の犠牲をも顧みずに完全な屈服を強要します。,支配（Dominate）、怪力（Potence）に加え、選択訓えとして堕落（Corruption）または忘却（Oblivion）のいずれか一方を選択して習得します。,コラプション (堕落・誘惑),他者の心に疑念や悪夢、抑えがたい罪の欲望を植え付け、精神と魂を蝕んで意のままに操る闇の訓え。毒蛇への変身や猛毒の血をも操る。,2,蛇の誘惑 (Serpent's Seduction),2-dot Social Corruption,アクション (Action),社会: カリスマ (Charisma),1ヴィータイ (1 Vitae),対象の平静 (Target's Composure),視線が通る距離 (Line of sight),1シーン (One scene),対象の抑圧された罪深い欲望を呼び覚まし、誘惑に屈服させる。,対象の心の奥底に潜む最も暗い罪悪感や悪徳の欲望をかき立て、自制心を奪って欲望に身を委ねさせる。,"•••: 対象が欲望を満たすために重犯罪に走るようになる。
•••••: 対象が術者の愛顧と指示に完全に依存・中毒する。","Stir the deepest sinful desire in a target, making them helpless against indulgence.","•••: Target commits crime to satisfy craving.
•••••: Target becomes completely addicted to your favor."
ラソンブラ,Lasombra,影が世界を覆うとき、我らが世界を支配する。,冷酷な企業CEO、腐敗した聖職者、容赦なき社交界の黒幕、失脚した政治家、カルテルのフィクサー,ラソンブラは、世界はそれを支配する強い意志を持つ者のものであり、力とは与えられるものではなく冷徹な決意と闇の支配によって奪い取るものだと確信しています。彼らにとってあらゆる会議場や宮廷はチェス盤であり、劣る者は犠牲にされるべき駒にすぎません。極限の試練を生き残った強者のみを同胞として認めます。影そのものを物理的に操る能力や、他者の精神を絶対的に屈服させる技術に長けています。,処罰者 / 容赦なき野心 (Ruthless Ambition): 他者への絶対的勝利とライバルの屈服を渇望します。競争相手を罠に嵌め、支配権を誇示し、権力への道を阻む者を排除することで獣を満たします。,影の顕現 / 反射の歪み (Shadow Cast / Reflectionless): 鏡やカメラ、反射面に姿が正しく映らず、蠢く影や歪んだノイズになります。音声機器でも声が不気味に歪み、強い光や聖別された場所では超自然の露見難易度が［世代修正値］分上昇します。,冷酷 / 無情 (Ruthlessness): 冷徹で残忍な破壊衝動に駆られます。自分を挑発したり権威に逆らった者を徹底的に叩き潰し、味方や資産の犠牲をも顧みずに完全な屈服を強要します。,支配（Dominate）、怪力（Potence）に加え、選択訓えとして堕落（Corruption）または忘却（Oblivion）のいずれか一方を選択して習得します。,コラプション (堕落・誘惑),他者の心に疑念や悪夢、抑えがたい罪の欲望を植え付け、精神と魂を蝕んで意のままに操る闇の訓え。毒蛇への変身や猛毒の血をも操る。,2,猛毒の血 (Venomous Blood),2-dot Physical Corruption,リアクション (Reaction),肉体: 持久力 (Stamina),1ヴィータイ (1 Vitae),対象の持久力 (Target's Stamina),術者自身 (Self),1シーン (One scene),自身の血液を強酸性の猛毒に変え、攻撃者に破滅的ダメージを与える。,噛みつかれたり肉体を傷つけられた際、傷口から流れる血液が強酸と猛毒を帯びて肉を焼き、攻撃者に破滅的（Aggravated）ダメージを与える。,なし,"When bitten or cut, your blood burns flesh and corrodes weapons, dealing Aggravated damage to attackers.",None
ラソンブラ,Lasombra,影が世界を覆うとき、我らが世界を支配する。,冷酷な企業CEO、腐敗した聖職者、容赦なき社交界の黒幕、失脚した政治家、カルテルのフィクサー,ラソンブラは、世界はそれを支配する強い意志を持つ者のものであり、力とは与えられるものではなく冷徹な決意と闇の支配によって奪い取るものだと確信しています。彼らにとってあらゆる会議場や宮廷はチェス盤であり、劣る者は犠牲にされるべき駒にすぎません。極限の試練を生き残った強者のみを同胞として認めます。影そのものを物理的に操る能力や、他者の精神を絶対的に屈服させる技術に長けています。,処罰者 / 容赦なき野心 (Ruthless Ambition): 他者への絶対的勝利とライバルの屈服を渇望します。競争相手を罠に嵌め、支配権を誇示し、権力への道を阻む者を排除することで獣を満たします。,影の顕現 / 反射の歪み (Shadow Cast / Reflectionless): 鏡やカメラ、反射面に姿が正しく映らず、蠢く影や歪んだノイズになります。音声機器でも声が不気味に歪み、強い光や聖別された場所では超自然の露見難易度が［世代修正値］分上昇します。,冷酷 / 無情 (Ruthlessness): 冷徹で残忍な破壊衝動に駆られます。自分を挑発したり権威に逆らった者を徹底的に叩き潰し、味方や資産の犠牲をも顧みずに完全な屈服を強要します。,支配（Dominate）、怪力（Potence）に加え、選択訓えとして堕落（Corruption）または忘却（Oblivion）のいずれか一方を選択して習得します。,コラプション (堕落・誘惑),他者の心に疑念や悪夢、抑えがたい罪の欲望を植え付け、精神と魂を蝕んで意のままに操る闇の訓え。毒蛇への変身や猛毒の血をも操る。,3,コブラの形態 (Form of the Cobra),3-dot Physical Corruption,アクション (Action),肉体: 持久力 (Stamina),2ヴィータイ (2 Vitae),なし (None),術者自身 (Self),1シーン (One scene),毒牙と催眠の眼差しを持つ巨大な黒コブラへと変身する。,自身の肉体を、猛毒の牙、硬質な鱗の装甲、そして催眠的な眼差しを持つ巨大な黒コブラへと変化させる。,•••••: 毒蛇の大群（スウォーム）へと変身・分散できるようになる。,"Your flesh transforms into a giant black cobra with venomous fangs, armored scales, and hypnotic gaze.",•••••: Can transform into a swarm of vipers.
ラソンブラ,Lasombra,影が世界を覆うとき、我らが世界を支配する。,冷酷な企業CEO、腐敗した聖職者、容赦なき社交界の黒幕、失脚した政治家、カルテルのフィクサー,ラソンブラは、世界はそれを支配する強い意志を持つ者のものであり、力とは与えられるものではなく冷徹な決意と闇の支配によって奪い取るものだと確信しています。彼らにとってあらゆる会議場や宮廷はチェス盤であり、劣る者は犠牲にされるべき駒にすぎません。極限の試練を生き残った強者のみを同胞として認めます。影そのものを物理的に操る能力や、他者の精神を絶対的に屈服させる技術に長けています。,処罰者 / 容赦なき野心 (Ruthless Ambition): 他者への絶対的勝利とライバルの屈服を渇望します。競争相手を罠に嵌め、支配権を誇示し、権力への道を阻む者を排除することで獣を満たします。,影の顕現 / 反射の歪み (Shadow Cast / Reflectionless): 鏡やカメラ、反射面に姿が正しく映らず、蠢く影や歪んだノイズになります。音声機器でも声が不気味に歪み、強い光や聖別された場所では超自然の露見難易度が［世代修正値］分上昇します。,冷酷 / 無情 (Ruthlessness): 冷徹で残忍な破壊衝動に駆られます。自分を挑発したり権威に逆らった者を徹底的に叩き潰し、味方や資産の犠牲をも顧みずに完全な屈服を強要します。,支配（Dominate）、怪力（Potence）に加え、選択訓えとして堕落（Corruption）または忘却（Oblivion）のいずれか一方を選択して習得します。,コラプション (堕落・誘惑),他者の心に疑念や悪夢、抑えがたい罪の欲望を植え付け、精神と魂を蝕んで意のままに操る闇の訓え。毒蛇への変身や猛毒の血をも操る。,3,魂の引き裂き (Tear the Soul),3-dot Social Corruption,アクション (Action),社会: 操作力 (Manipulation),2ヴィータイ (2 Vitae),対象の決意 (Target's Resolve),近距離 (Near),即時 (Instant),対象の精神防御を粉砕し、意志力を根こそぎ奪い去る。,対象の精神の防壁を暴力的に破壊し、残されたすべての意志力ポイントを強制的に剥奪して無力化する。,•••••: 対象を完全な無気力・昏睡状態（緊張病性昏迷）に陥れる。,"Crush the target's mental defenses, stripping them of all remaining Willpower points.",•••••: Target falls into a catatonic stupor.
ラソンブラ,Lasombra,影が世界を覆うとき、我らが世界を支配する。,冷酷な企業CEO、腐敗した聖職者、容赦なき社交界の黒幕、失脚した政治家、カルテルのフィクサー,ラソンブラは、世界はそれを支配する強い意志を持つ者のものであり、力とは与えられるものではなく冷徹な決意と闇の支配によって奪い取るものだと確信しています。彼らにとってあらゆる会議場や宮廷はチェス盤であり、劣る者は犠牲にされるべき駒にすぎません。極限の試練を生き残った強者のみを同胞として認めます。影そのものを物理的に操る能力や、他者の精神を絶対的に屈服させる技術に長けています。,処罰者 / 容赦なき野心 (Ruthless Ambition): 他者への絶対的勝利とライバルの屈服を渇望します。競争相手を罠に嵌め、支配権を誇示し、権力への道を阻む者を排除することで獣を満たします。,影の顕現 / 反射の歪み (Shadow Cast / Reflectionless): 鏡やカメラ、反射面に姿が正しく映らず、蠢く影や歪んだノイズになります。音声機器でも声が不気味に歪み、強い光や聖別された場所では超自然の露見難易度が［世代修正値］分上昇します。,冷酷 / 無情 (Ruthlessness): 冷徹で残忍な破壊衝動に駆られます。自分を挑発したり権威に逆らった者を徹底的に叩き潰し、味方や資産の犠牲をも顧みずに完全な屈服を強要します。,支配（Dominate）、怪力（Potence）に加え、選択訓えとして堕落（Corruption）または忘却（Oblivion）のいずれか一方を選択して習得します。,ドミネイト (支配・威圧),視線を合わせることで他者の自由意志を制圧し、絶対的な命令に従わせ、記憶を消去・改ざんする精神統制の訓え。,1,記憶の霧散 (Cloud Memory),1-dot Mental Dominate,アクション (Action),社会: 操作力 (Manipulation),なし (None),対象の決意 (Target's Resolve),アイコンタクト/目を合わせた状態 (Eye contact),永続 (Permanent),直前数分間の記憶を消去するか、無害な記憶に改ざんする。,視線を合わせた対象の過去数分間の記憶を完全に消し去るか、都合の良い曖昧で無害な記憶へとすり替える。,なし,"Erase the last few minutes of a target's memory or replace them with a vague, harmless recollection.",None
ラソンブラ,Lasombra,影が世界を覆うとき、我らが世界を支配する。,冷酷な企業CEO、腐敗した聖職者、容赦なき社交界の黒幕、失脚した政治家、カルテルのフィクサー,ラソンブラは、世界はそれを支配する強い意志を持つ者のものであり、力とは与えられるものではなく冷徹な決意と闇の支配によって奪い取るものだと確信しています。彼らにとってあらゆる会議場や宮廷はチェス盤であり、劣る者は犠牲にされるべき駒にすぎません。極限の試練を生き残った強者のみを同胞として認めます。影そのものを物理的に操る能力や、他者の精神を絶対的に屈服させる技術に長けています。,処罰者 / 容赦なき野心 (Ruthless Ambition): 他者への絶対的勝利とライバルの屈服を渇望します。競争相手を罠に嵌め、支配権を誇示し、権力への道を阻む者を排除することで獣を満たします。,影の顕現 / 反射の歪み (Shadow Cast / Reflectionless): 鏡やカメラ、反射面に姿が正しく映らず、蠢く影や歪んだノイズになります。音声機器でも声が不気味に歪み、強い光や聖別された場所では超自然の露見難易度が［世代修正値］分上昇します。,冷酷 / 無情 (Ruthlessness): 冷徹で残忍な破壊衝動に駆られます。自分を挑発したり権威に逆らった者を徹底的に叩き潰し、味方や資産の犠牲をも顧みずに完全な屈服を強要します。,支配（Dominate）、怪力（Potence）に加え、選択訓えとして堕落（Corruption）または忘却（Oblivion）のいずれか一方を選択して習得します。,ドミネイト (支配・威圧),視線を合わせることで他者の自由意志を制圧し、絶対的な命令に従わせ、記憶を消去・改ざんする精神統制の訓え。,1,一言の命令 (Command),1-dot Mental Dominate,アクション (Action),社会: カリスマ (Charisma),なし (None),対象の決意 (Target's Resolve),アイコンタクト/目を合わせた状態 (Eye contact),1ターン (One turn),「止まれ」「落とせ」等の一言の命令で対象を即座に従わせる。,視線を固定し、1語の簡潔な命令（「止まれ」「走れ」「落とせ」「眠れ」など）を下す。対象はその手番ですぐに命令に従わなければならない。,なし,"Lock eyes and issue a one-word command ('Halt', 'Drop', 'Run', 'Sleep') that the target must obey immediately.",None
ラソンブラ,Lasombra,影が世界を覆うとき、我らが世界を支配する。,冷酷な企業CEO、腐敗した聖職者、容赦なき社交界の黒幕、失脚した政治家、カルテルのフィクサー,ラソンブラは、世界はそれを支配する強い意志を持つ者のものであり、力とは与えられるものではなく冷徹な決意と闇の支配によって奪い取るものだと確信しています。彼らにとってあらゆる会議場や宮廷はチェス盤であり、劣る者は犠牲にされるべき駒にすぎません。極限の試練を生き残った強者のみを同胞として認めます。影そのものを物理的に操る能力や、他者の精神を絶対的に屈服させる技術に長けています。,処罰者 / 容赦なき野心 (Ruthless Ambition): 他者への絶対的勝利とライバルの屈服を渇望します。競争相手を罠に嵌め、支配権を誇示し、権力への道を阻む者を排除することで獣を満たします。,影の顕現 / 反射の歪み (Shadow Cast / Reflectionless): 鏡やカメラ、反射面に姿が正しく映らず、蠢く影や歪んだノイズになります。音声機器でも声が不気味に歪み、強い光や聖別された場所では超自然の露見難易度が［世代修正値］分上昇します。,冷酷 / 無情 (Ruthlessness): 冷徹で残忍な破壊衝動に駆られます。自分を挑発したり権威に逆らった者を徹底的に叩き潰し、味方や資産の犠牲をも顧みずに完全な屈服を強要します。,支配（Dominate）、怪力（Potence）に加え、選択訓えとして堕落（Corruption）または忘却（Oblivion）のいずれか一方を選択して習得します。,ドミネイト (支配・威圧),視線を合わせることで他者の自由意志を制圧し、絶対的な命令に従わせ、記憶を消去・改ざんする精神統制の訓え。,1,催眠の命令 (Mesmerize),1-dot Mental Dominate,アクション (Action),社会: 操作力 (Manipulation),意志力1点 (1 Willpower),対象の決意 (Target's Resolve),アイコンタクト/目を合わせた状態 (Eye contact),命令完遂まで (Until completed),複雑な一連の指示を刷り込み、命令されたことすら忘れて実行させる。,対象の深層心理に詳細な命令を埋め込む。対象は術者から命じられた事実を忘れ、自発的な行動と信じ込んで命令を忠実に完遂する。,"•••: 特定の条件で発動するポスト催眠トリガーを埋め込める。
•••••: 数日後に発動する複雑な時限命令をも実行させられる。","Implant detailed instructions that the target will carry out faithfully, forgetting that you ordered them to do so.","•••: Can implant post-hypnotic triggers.
•••••: Subject obeys commands days later."
ラソンブラ,Lasombra,影が世界を覆うとき、我らが世界を支配する。,冷酷な企業CEO、腐敗した聖職者、容赦なき社交界の黒幕、失脚した政治家、カルテルのフィクサー,ラソンブラは、世界はそれを支配する強い意志を持つ者のものであり、力とは与えられるものではなく冷徹な決意と闇の支配によって奪い取るものだと確信しています。彼らにとってあらゆる会議場や宮廷はチェス盤であり、劣る者は犠牲にされるべき駒にすぎません。極限の試練を生き残った強者のみを同胞として認めます。影そのものを物理的に操る能力や、他者の精神を絶対的に屈服させる技術に長けています。,処罰者 / 容赦なき野心 (Ruthless Ambition): 他者への絶対的勝利とライバルの屈服を渇望します。競争相手を罠に嵌め、支配権を誇示し、権力への道を阻む者を排除することで獣を満たします。,影の顕現 / 反射の歪み (Shadow Cast / Reflectionless): 鏡やカメラ、反射面に姿が正しく映らず、蠢く影や歪んだノイズになります。音声機器でも声が不気味に歪み、強い光や聖別された場所では超自然の露見難易度が［世代修正値］分上昇します。,冷酷 / 無情 (Ruthlessness): 冷徹で残忍な破壊衝動に駆られます。自分を挑発したり権威に逆らった者を徹底的に叩き潰し、味方や資産の犠牲をも顧みずに完全な屈服を強要します。,支配（Dominate）、怪力（Potence）に加え、選択訓えとして堕落（Corruption）または忘却（Oblivion）のいずれか一方を選択して習得します。,ドミネイト (支配・威圧),視線を合わせることで他者の自由意志を制圧し、絶対的な命令に従わせ、記憶を消去・改ざんする精神統制の訓え。,2,狂気の誘発 (Dementation),2-dot Mental Dominate,アクション (Action),社会: 操作力 (Manipulation),1ヴィータイ (1 Vitae),対象の平静 (Target's Composure),アイコンタクト/目を合わせた状態 (Eye contact),1シーン (One scene),一時的な狂気、妄想、感覚の錯乱を引き起こして錯乱させる。,対象の精神の安定を打ち砕き、偏執病（パラノイア）、激しいヒステリー、あるいは知覚の幻覚を引き起こして発狂させる。,"•••: 対象が錯乱し、最も近くにいる人物に無差別攻撃を仕掛ける。
•••••: 対象の狂気が恒久的な精神障害となる。","Drive a target temporarily insane, triggering paranoia, hysteria, or sensory hallucinations.","•••: Target attacks nearest individual.
•••••: Insanity becomes permanent."
ラソンブラ,Lasombra,影が世界を覆うとき、我らが世界を支配する。,冷酷な企業CEO、腐敗した聖職者、容赦なき社交界の黒幕、失脚した政治家、カルテルのフィクサー,ラソンブラは、世界はそれを支配する強い意志を持つ者のものであり、力とは与えられるものではなく冷徹な決意と闇の支配によって奪い取るものだと確信しています。彼らにとってあらゆる会議場や宮廷はチェス盤であり、劣る者は犠牲にされるべき駒にすぎません。極限の試練を生き残った強者のみを同胞として認めます。影そのものを物理的に操る能力や、他者の精神を絶対的に屈服させる技術に長けています。,処罰者 / 容赦なき野心 (Ruthless Ambition): 他者への絶対的勝利とライバルの屈服を渇望します。競争相手を罠に嵌め、支配権を誇示し、権力への道を阻む者を排除することで獣を満たします。,影の顕現 / 反射の歪み (Shadow Cast / Reflectionless): 鏡やカメラ、反射面に姿が正しく映らず、蠢く影や歪んだノイズになります。音声機器でも声が不気味に歪み、強い光や聖別された場所では超自然の露見難易度が［世代修正値］分上昇します。,冷酷 / 無情 (Ruthlessness): 冷徹で残忍な破壊衝動に駆られます。自分を挑発したり権威に逆らった者を徹底的に叩き潰し、味方や資産の犠牲をも顧みずに完全な屈服を強要します。,支配（Dominate）、怪力（Potence）に加え、選択訓えとして堕落（Corruption）または忘却（Oblivion）のいずれか一方を選択して習得します。,ドミネイト (支配・威圧),視線を合わせることで他者の自由意志を制圧し、絶対的な命令に従わせ、記憶を消去・改ざんする精神統制の訓え。,2,潜伏命令 (Submerged Directive),2-dot Mental Dominate,アクション (Action),社会: 操作力 (Manipulation),意志力1点 (1 Willpower),対象の決意 (Target's Resolve),アイコンタクト/目を合わせた状態 (Eye contact),無期限/トリガー起動まで (Indefinite),特定の合図や状況に反応して起動する潜伏命令を植え付ける。,対象の潜在意識にスリーパー指令を埋め込む。特定の感覚的引き金（特定の単語を聞く、特定の鐘の音など）を感知した際に初めて命令が自動起動する。,"•••: 1人の対象に最大3つの異なるトリガー命令を埋め込める。
•••••: トリガー起動時、対象は主君への裏切りや重大犯罪をもためらわず実行する。",Plant a command that activates only when a specific sensory trigger occurs (e.g. hearing a phrase or chime).,"•••: Can implant up to 3 triggers.
•••••: Target will commit treason when triggered."
ラソンブラ,Lasombra,影が世界を覆うとき、我らが世界を支配する。,冷酷な企業CEO、腐敗した聖職者、容赦なき社交界の黒幕、失脚した政治家、カルテルのフィクサー,ラソンブラは、世界はそれを支配する強い意志を持つ者のものであり、力とは与えられるものではなく冷徹な決意と闇の支配によって奪い取るものだと確信しています。彼らにとってあらゆる会議場や宮廷はチェス盤であり、劣る者は犠牲にされるべき駒にすぎません。極限の試練を生き残った強者のみを同胞として認めます。影そのものを物理的に操る能力や、他者の精神を絶対的に屈服させる技術に長けています。,処罰者 / 容赦なき野心 (Ruthless Ambition): 他者への絶対的勝利とライバルの屈服を渇望します。競争相手を罠に嵌め、支配権を誇示し、権力への道を阻む者を排除することで獣を満たします。,影の顕現 / 反射の歪み (Shadow Cast / Reflectionless): 鏡やカメラ、反射面に姿が正しく映らず、蠢く影や歪んだノイズになります。音声機器でも声が不気味に歪み、強い光や聖別された場所では超自然の露見難易度が［世代修正値］分上昇します。,冷酷 / 無情 (Ruthlessness): 冷徹で残忍な破壊衝動に駆られます。自分を挑発したり権威に逆らった者を徹底的に叩き潰し、味方や資産の犠牲をも顧みずに完全な屈服を強要します。,支配（Dominate）、怪力（Potence）に加え、選択訓えとして堕落（Corruption）または忘却（Oblivion）のいずれか一方を選択して習得します。,ドミネイト (支配・威圧),視線を合わせることで他者の自由意志を制圧し、絶対的な命令に従わせ、記憶を消去・改ざんする精神統制の訓え。,2,忘却の精神 (The Forgetful Mind),2-dot Mental Dominate,アクション (Action),社会: 操作力 (Manipulation),1ヴィータイ (1 Vitae),対象の決意 (Target's Resolve),アイコンタクト/目を合わせた状態 (Eye contact),永続 (Permanent),数年間にわたる人生の記憶、人間関係、体験を深く書き換える。,対象の記憶の構造に深く入り込み、数年分に及ぶ重要な出来事、愛情や忠誠の対象、誓いなどの記憶を自在に再構築・書き換える。,なし,"Enter the target's mind and systematically rewrite significant memories, relationships, and events.",None
ラソンブラ,Lasombra,影が世界を覆うとき、我らが世界を支配する。,冷酷な企業CEO、腐敗した聖職者、容赦なき社交界の黒幕、失脚した政治家、カルテルのフィクサー,ラソンブラは、世界はそれを支配する強い意志を持つ者のものであり、力とは与えられるものではなく冷徹な決意と闇の支配によって奪い取るものだと確信しています。彼らにとってあらゆる会議場や宮廷はチェス盤であり、劣る者は犠牲にされるべき駒にすぎません。極限の試練を生き残った強者のみを同胞として認めます。影そのものを物理的に操る能力や、他者の精神を絶対的に屈服させる技術に長けています。,処罰者 / 容赦なき野心 (Ruthless Ambition): 他者への絶対的勝利とライバルの屈服を渇望します。競争相手を罠に嵌め、支配権を誇示し、権力への道を阻む者を排除することで獣を満たします。,影の顕現 / 反射の歪み (Shadow Cast / Reflectionless): 鏡やカメラ、反射面に姿が正しく映らず、蠢く影や歪んだノイズになります。音声機器でも声が不気味に歪み、強い光や聖別された場所では超自然の露見難易度が［世代修正値］分上昇します。,冷酷 / 無情 (Ruthlessness): 冷徹で残忍な破壊衝動に駆られます。自分を挑発したり権威に逆らった者を徹底的に叩き潰し、味方や資産の犠牲をも顧みずに完全な屈服を強要します。,支配（Dominate）、怪力（Potence）に加え、選択訓えとして堕落（Corruption）または忘却（Oblivion）のいずれか一方を選択して習得します。,ドミネイト (支配・威圧),視線を合わせることで他者の自由意志を制圧し、絶対的な命令に従わせ、記憶を消去・改ざんする精神統制の訓え。,3,肉体の憑依 (Possession),3-dot Mental Dominate,アクション (Action),社会: カリスマ (Charisma),2ヴィータイ (2 Vitae),対象の決意 (Target's Resolve),アイコンタクト/目を合わせた状態 (Eye contact),1夜 (One night),人間の肉体に意識を憑依させ、人形のように遠隔操作する。,自身の肉体をトランス状態にして休眠させ、人間の肉体に意識を投影して完全にその肉体を支配・行動させる。,•••••: 人間だけでなく、他の吸血鬼の肉体に憑依することが可能となる。,"Project your consciousness into a mortal's body, controlling their actions while your vampire body lies inert.",•••••: Can possess another vampire.
ラソンブラ,Lasombra,影が世界を覆うとき、我らが世界を支配する。,冷酷な企業CEO、腐敗した聖職者、容赦なき社交界の黒幕、失脚した政治家、カルテルのフィクサー,ラソンブラは、世界はそれを支配する強い意志を持つ者のものであり、力とは与えられるものではなく冷徹な決意と闇の支配によって奪い取るものだと確信しています。彼らにとってあらゆる会議場や宮廷はチェス盤であり、劣る者は犠牲にされるべき駒にすぎません。極限の試練を生き残った強者のみを同胞として認めます。影そのものを物理的に操る能力や、他者の精神を絶対的に屈服させる技術に長けています。,処罰者 / 容赦なき野心 (Ruthless Ambition): 他者への絶対的勝利とライバルの屈服を渇望します。競争相手を罠に嵌め、支配権を誇示し、権力への道を阻む者を排除することで獣を満たします。,影の顕現 / 反射の歪み (Shadow Cast / Reflectionless): 鏡やカメラ、反射面に姿が正しく映らず、蠢く影や歪んだノイズになります。音声機器でも声が不気味に歪み、強い光や聖別された場所では超自然の露見難易度が［世代修正値］分上昇します。,冷酷 / 無情 (Ruthlessness): 冷徹で残忍な破壊衝動に駆られます。自分を挑発したり権威に逆らった者を徹底的に叩き潰し、味方や資産の犠牲をも顧みずに完全な屈服を強要します。,支配（Dominate）、怪力（Potence）に加え、選択訓えとして堕落（Corruption）または忘却（Oblivion）のいずれか一方を選択して習得します。,ドミネイト (支配・威圧),視線を合わせることで他者の自由意志を制圧し、絶対的な命令に従わせ、記憶を消去・改ざんする精神統制の訓え。,3,自己正当化 (Rationalize),3-dot Mental Dominate,アクション (Action),社会: 操作力 (Manipulation),1ヴィータイ (1 Vitae),対象の決意 (Target's Resolve),近距離 (Near),永続 (Permanent),支配下で行わせた全行動を、対象自身の妙案だったと信じ込ませる。,術者のドミネイトによって実行させられたあらゆる行動について、被害者が「すべて自分自身の自発的かつ素晴らしいアイデアだった」と心から納得・正当化するように固定する。,•••••: 対象が裁判や審問の場でも自らの行動を熱狂的に擁護するようになる。,Ensure the victim genuinely believes all actions taken under your Dominate were their own brilliant ideas.,•••••: Target vigorously defends actions in court.
ラソンブラ,Lasombra,影が世界を覆うとき、我らが世界を支配する。,冷酷な企業CEO、腐敗した聖職者、容赦なき社交界の黒幕、失脚した政治家、カルテルのフィクサー,ラソンブラは、世界はそれを支配する強い意志を持つ者のものであり、力とは与えられるものではなく冷徹な決意と闇の支配によって奪い取るものだと確信しています。彼らにとってあらゆる会議場や宮廷はチェス盤であり、劣る者は犠牲にされるべき駒にすぎません。極限の試練を生き残った強者のみを同胞として認めます。影そのものを物理的に操る能力や、他者の精神を絶対的に屈服させる技術に長けています。,処罰者 / 容赦なき野心 (Ruthless Ambition): 他者への絶対的勝利とライバルの屈服を渇望します。競争相手を罠に嵌め、支配権を誇示し、権力への道を阻む者を排除することで獣を満たします。,影の顕現 / 反射の歪み (Shadow Cast / Reflectionless): 鏡やカメラ、反射面に姿が正しく映らず、蠢く影や歪んだノイズになります。音声機器でも声が不気味に歪み、強い光や聖別された場所では超自然の露見難易度が［世代修正値］分上昇します。,冷酷 / 無情 (Ruthlessness): 冷徹で残忍な破壊衝動に駆られます。自分を挑発したり権威に逆らった者を徹底的に叩き潰し、味方や資産の犠牲をも顧みずに完全な屈服を強要します。,支配（Dominate）、怪力（Potence）に加え、選択訓えとして堕落（Corruption）または忘却（Oblivion）のいずれか一方を選択して習得します。,オブリビオン (忘却・深淵),虚無（アビス）の影を物理的に操り、暗黒の触手や道具を具現化し、影から影へと空間を渡る深淵の影魔法の訓え。,1,暗黒の霧 (Cloud of Darkness),1-dot Mental Oblivion,アクション (Action),精神: 機知 (Wits),1ヴィータイ (1 Vitae),なし (None),近距離 (Near),1シーン (One scene),光を一切通さない絶対的暗黒の霧を召喚し、視界を奪う。,照明やフラッシュライトを無効化する極寒の闇の雲を召喚する。霧の中では視界が奪われ、暗視すらも通さない完全な漆黒となる。,"•••: 闇が強烈な冷気を放ち、触れた人間にダメージを与える。
•••••: 倉庫一棟全体を暗黒の雲で満たすことができる。","Summon freezing, impenetrable shadows that extinguish torches, blind flashlights, and muffle vision.","•••: Darkness chills mortals, dealing damage.
•••••: Cloud fills an entire warehouse."
ラソンブラ,Lasombra,影が世界を覆うとき、我らが世界を支配する。,冷酷な企業CEO、腐敗した聖職者、容赦なき社交界の黒幕、失脚した政治家、カルテルのフィクサー,ラソンブラは、世界はそれを支配する強い意志を持つ者のものであり、力とは与えられるものではなく冷徹な決意と闇の支配によって奪い取るものだと確信しています。彼らにとってあらゆる会議場や宮廷はチェス盤であり、劣る者は犠牲にされるべき駒にすぎません。極限の試練を生き残った強者のみを同胞として認めます。影そのものを物理的に操る能力や、他者の精神を絶対的に屈服させる技術に長けています。,処罰者 / 容赦なき野心 (Ruthless Ambition): 他者への絶対的勝利とライバルの屈服を渇望します。競争相手を罠に嵌め、支配権を誇示し、権力への道を阻む者を排除することで獣を満たします。,影の顕現 / 反射の歪み (Shadow Cast / Reflectionless): 鏡やカメラ、反射面に姿が正しく映らず、蠢く影や歪んだノイズになります。音声機器でも声が不気味に歪み、強い光や聖別された場所では超自然の露見難易度が［世代修正値］分上昇します。,冷酷 / 無情 (Ruthlessness): 冷徹で残忍な破壊衝動に駆られます。自分を挑発したり権威に逆らった者を徹底的に叩き潰し、味方や資産の犠牲をも顧みずに完全な屈服を強要します。,支配（Dominate）、怪力（Potence）に加え、選択訓えとして堕落（Corruption）または忘却（Oblivion）のいずれか一方を選択して習得します。,オブリビオン (忘却・深淵),虚無（アビス）の影を物理的に操り、暗黒の触手や道具を具現化し、影から影へと空間を渡る深淵の影魔法の訓え。,1,影の戯れ (Shadow Play),1-dot Mental Oblivion,アクション (Action),精神: 機知 (Wits),なし (None),なし (None),近距離 (Near),1シーン (One scene),影を意のままに伸ばし、踊らせ、威圧的なシルエットに変形させる。,周囲にある既存の影を自在に操り、影を長く伸ばしたり、意思を持って動かしたり、恐ろしい怪物のシルエットを形作らせる。,"•••: 影が寒気を誘う不気味な囁き声を放つ。
•••••: 影が自律的に動き回り、警備員の注意を誘導する。","Manipulate existing shadows, making them lengthen, dance, or assume menacing shapes.","•••: Shadows whisper chilling words.
•••••: Shadows distract guards."
ラソンブラ,Lasombra,影が世界を覆うとき、我らが世界を支配する。,冷酷な企業CEO、腐敗した聖職者、容赦なき社交界の黒幕、失脚した政治家、カルテルのフィクサー,ラソンブラは、世界はそれを支配する強い意志を持つ者のものであり、力とは与えられるものではなく冷徹な決意と闇の支配によって奪い取るものだと確信しています。彼らにとってあらゆる会議場や宮廷はチェス盤であり、劣る者は犠牲にされるべき駒にすぎません。極限の試練を生き残った強者のみを同胞として認めます。影そのものを物理的に操る能力や、他者の精神を絶対的に屈服させる技術に長けています。,処罰者 / 容赦なき野心 (Ruthless Ambition): 他者への絶対的勝利とライバルの屈服を渇望します。競争相手を罠に嵌め、支配権を誇示し、権力への道を阻む者を排除することで獣を満たします。,影の顕現 / 反射の歪み (Shadow Cast / Reflectionless): 鏡やカメラ、反射面に姿が正しく映らず、蠢く影や歪んだノイズになります。音声機器でも声が不気味に歪み、強い光や聖別された場所では超自然の露見難易度が［世代修正値］分上昇します。,冷酷 / 無情 (Ruthlessness): 冷徹で残忍な破壊衝動に駆られます。自分を挑発したり権威に逆らった者を徹底的に叩き潰し、味方や資産の犠牲をも顧みずに完全な屈服を強要します。,支配（Dominate）、怪力（Potence）に加え、選択訓えとして堕落（Corruption）または忘却（Oblivion）のいずれか一方を選択して習得します。,オブリビオン (忘却・深淵),虚無（アビス）の影を物理的に操り、暗黒の触手や道具を具現化し、影から影へと空間を渡る深淵の影魔法の訓え。,1,影の具現具 (Shadow Tools),1-dot Mental Oblivion,アクション (Action),精神: 機知 (Wits),1ヴィータイ (1 Vitae),なし (None),術者自身 (Self),1シーン (One scene),闇を固形化させ、鋭利な刃やピッキング器具、ロープを作り出す。,周囲の影を織り上げて固形化させ、剃刀のように鋭い短剣、ピッキング用の鍵、あるいは影でできた強靭なロープなどの道具を生成する。,"•••: 影の武器が破滅的（Aggravated）ダメージを与えるようになる。
•••••: 影の道具が硬質な鋼鉄をも容易に切断できるようになる。","Weave shadows into solid, razor-sharp blades, lockpicks, or climbing ropes made of solid darkness.","•••: Shadow weapons deal Aggravated damage.
•••••: Tools can cut through steel."
ラソンブラ,Lasombra,影が世界を覆うとき、我らが世界を支配する。,冷酷な企業CEO、腐敗した聖職者、容赦なき社交界の黒幕、失脚した政治家、カルテルのフィクサー,ラソンブラは、世界はそれを支配する強い意志を持つ者のものであり、力とは与えられるものではなく冷徹な決意と闇の支配によって奪い取るものだと確信しています。彼らにとってあらゆる会議場や宮廷はチェス盤であり、劣る者は犠牲にされるべき駒にすぎません。極限の試練を生き残った強者のみを同胞として認めます。影そのものを物理的に操る能力や、他者の精神を絶対的に屈服させる技術に長けています。,処罰者 / 容赦なき野心 (Ruthless Ambition): 他者への絶対的勝利とライバルの屈服を渇望します。競争相手を罠に嵌め、支配権を誇示し、権力への道を阻む者を排除することで獣を満たします。,影の顕現 / 反射の歪み (Shadow Cast / Reflectionless): 鏡やカメラ、反射面に姿が正しく映らず、蠢く影や歪んだノイズになります。音声機器でも声が不気味に歪み、強い光や聖別された場所では超自然の露見難易度が［世代修正値］分上昇します。,冷酷 / 無情 (Ruthlessness): 冷徹で残忍な破壊衝動に駆られます。自分を挑発したり権威に逆らった者を徹底的に叩き潰し、味方や資産の犠牲をも顧みずに完全な屈服を強要します。,支配（Dominate）、怪力（Potence）に加え、選択訓えとして堕落（Corruption）または忘却（Oblivion）のいずれか一方を選択して習得します。,オブリビオン (忘却・深淵),虚無（アビス）の影を物理的に操り、暗黒の触手や道具を具現化し、影から影へと空間を渡る深淵の影魔法の訓え。,2,生命を吸う闇 (Draining Darkness),2-dot Mental Oblivion,アクション (Action),社会: 操作力 (Manipulation),1ヴィータイ (1 Vitae),対象の持久力 (Target's Stamina),近距離 (Near),1シーン (One scene),闇の触手を巻き付かせ、対象の生気と体温を吸い取る。,影の触手を対象に絡みつかせ、その肉体から活力と温もりを吸い上げて衰弱させ、持久力を奪う。,なし,"Tendrils of darkness wrap around a target, siphoning their physical vigor and warmth.",None
ラソンブラ,Lasombra,影が世界を覆うとき、我らが世界を支配する。,冷酷な企業CEO、腐敗した聖職者、容赦なき社交界の黒幕、失脚した政治家、カルテルのフィクサー,ラソンブラは、世界はそれを支配する強い意志を持つ者のものであり、力とは与えられるものではなく冷徹な決意と闇の支配によって奪い取るものだと確信しています。彼らにとってあらゆる会議場や宮廷はチェス盤であり、劣る者は犠牲にされるべき駒にすぎません。極限の試練を生き残った強者のみを同胞として認めます。影そのものを物理的に操る能力や、他者の精神を絶対的に屈服させる技術に長けています。,処罰者 / 容赦なき野心 (Ruthless Ambition): 他者への絶対的勝利とライバルの屈服を渇望します。競争相手を罠に嵌め、支配権を誇示し、権力への道を阻む者を排除することで獣を満たします。,影の顕現 / 反射の歪み (Shadow Cast / Reflectionless): 鏡やカメラ、反射面に姿が正しく映らず、蠢く影や歪んだノイズになります。音声機器でも声が不気味に歪み、強い光や聖別された場所では超自然の露見難易度が［世代修正値］分上昇します。,冷酷 / 無情 (Ruthlessness): 冷徹で残忍な破壊衝動に駆られます。自分を挑発したり権威に逆らった者を徹底的に叩き潰し、味方や資産の犠牲をも顧みずに完全な屈服を強要します。,支配（Dominate）、怪力（Potence）に加え、選択訓えとして堕落（Corruption）または忘却（Oblivion）のいずれか一方を選択して習得します。,オブリビオン (忘却・深淵),虚無（アビス）の影を物理的に操り、暗黒の触手や道具を具現化し、影から影へと空間を渡る深淵の影魔法の訓え。,2,影の拘束 (Grasping Shadows),2-dot Mental Oblivion,アクション (Action),肉体: 筋力 (Strength),1ヴィータイ (1 Vitae),対象の敏捷力 (Target's Dexterity),中距離 (Medium),1シーン (One scene),対象自身の足元の影を実体化させ、脚を掴んで床に拘束する。,対象自身の影を触手のように実体化させて持ち主を拘束する。対象の足を掴んで転倒させ、床に縫い止めて身動きを封じる。,なし,"Animate a target's own shadow to grapple, trip, or pin them to the ground.",None
ラソンブラ,Lasombra,影が世界を覆うとき、我らが世界を支配する。,冷酷な企業CEO、腐敗した聖職者、容赦なき社交界の黒幕、失脚した政治家、カルテルのフィクサー,ラソンブラは、世界はそれを支配する強い意志を持つ者のものであり、力とは与えられるものではなく冷徹な決意と闇の支配によって奪い取るものだと確信しています。彼らにとってあらゆる会議場や宮廷はチェス盤であり、劣る者は犠牲にされるべき駒にすぎません。極限の試練を生き残った強者のみを同胞として認めます。影そのものを物理的に操る能力や、他者の精神を絶対的に屈服させる技術に長けています。,処罰者 / 容赦なき野心 (Ruthless Ambition): 他者への絶対的勝利とライバルの屈服を渇望します。競争相手を罠に嵌め、支配権を誇示し、権力への道を阻む者を排除することで獣を満たします。,影の顕現 / 反射の歪み (Shadow Cast / Reflectionless): 鏡やカメラ、反射面に姿が正しく映らず、蠢く影や歪んだノイズになります。音声機器でも声が不気味に歪み、強い光や聖別された場所では超自然の露見難易度が［世代修正値］分上昇します。,冷酷 / 無情 (Ruthlessness): 冷徹で残忍な破壊衝動に駆られます。自分を挑発したり権威に逆らった者を徹底的に叩き潰し、味方や資産の犠牲をも顧みずに完全な屈服を強要します。,支配（Dominate）、怪力（Potence）に加え、選択訓えとして堕落（Corruption）または忘却（Oblivion）のいずれか一方を選択して習得します。,オブリビオン (忘却・深淵),虚無（アビス）の影を物理的に操り、暗黒の触手や道具を具現化し、影から影へと空間を渡る深淵の影魔法の訓え。,2,影の仮面 (Shadow Mask),2-dot Mental Oblivion,アクション (Action),精神: 機知 (Wits),1ヴィータイ (1 Vitae),なし (None),術者自身 (Self),1シーン (One scene),生きた影を全身に纏い、防御装甲を得ると共に恐怖を放つ。,身悶えする生きた影の衣で全身を覆い隠す。物理攻撃に対する防御装甲を得ると同時に、術者を見た敵に強烈な恐怖を植え付ける。,"•••: 敵の物理攻撃が影を素通りして無害化する。
•••••: 影の仮面を見つめた敵に恐怖狂乱のチェックを強制する。","Veil your form in living shadows, gaining armor and terrifying anyone who looks upon you.","•••: Attacks pass through shadows harmlessly.
•••••: Gaze causes terror frenzy in enemies."
ラソンブラ,Lasombra,影が世界を覆うとき、我らが世界を支配する。,冷酷な企業CEO、腐敗した聖職者、容赦なき社交界の黒幕、失脚した政治家、カルテルのフィクサー,ラソンブラは、世界はそれを支配する強い意志を持つ者のものであり、力とは与えられるものではなく冷徹な決意と闇の支配によって奪い取るものだと確信しています。彼らにとってあらゆる会議場や宮廷はチェス盤であり、劣る者は犠牲にされるべき駒にすぎません。極限の試練を生き残った強者のみを同胞として認めます。影そのものを物理的に操る能力や、他者の精神を絶対的に屈服させる技術に長けています。,処罰者 / 容赦なき野心 (Ruthless Ambition): 他者への絶対的勝利とライバルの屈服を渇望します。競争相手を罠に嵌め、支配権を誇示し、権力への道を阻む者を排除することで獣を満たします。,影の顕現 / 反射の歪み (Shadow Cast / Reflectionless): 鏡やカメラ、反射面に姿が正しく映らず、蠢く影や歪んだノイズになります。音声機器でも声が不気味に歪み、強い光や聖別された場所では超自然の露見難易度が［世代修正値］分上昇します。,冷酷 / 無情 (Ruthlessness): 冷徹で残忍な破壊衝動に駆られます。自分を挑発したり権威に逆らった者を徹底的に叩き潰し、味方や資産の犠牲をも顧みずに完全な屈服を強要します。,支配（Dominate）、怪力（Potence）に加え、選択訓えとして堕落（Corruption）または忘却（Oblivion）のいずれか一方を選択して習得します。,オブリビオン (忘却・深淵),虚無（アビス）の影を物理的に操り、暗黒の触手や道具を具現化し、影から影へと空間を渡る深淵の影魔法の訓え。,3,深淵の悪夢 (Night Terrors),3-dot Mental Oblivion,アクション (Action),社会: 操作力 (Manipulation),2ヴィータイ (2 Vitae),対象の決意 (Target's Resolve),近距離 (Near),1シーン (One scene),深淵から悪夢の亡霊を呼び寄せ、対象の精神と意志を直接砕く。,アビス（深淵）の深みから悪夢の影を召喚し、対象の精神と意志力を直接攻撃して精神崩壊を引き起こす。,•••••: 対象が悲鳴を上げながら完全な発狂状態へと崩れ落ちる。,Summon nightmare specters from the Abyss that attack the target's psyche and resolve.,•••••: Target collapses into screaming madness.
ラソンブラ,Lasombra,影が世界を覆うとき、我らが世界を支配する。,冷酷な企業CEO、腐敗した聖職者、容赦なき社交界の黒幕、失脚した政治家、カルテルのフィクサー,ラソンブラは、世界はそれを支配する強い意志を持つ者のものであり、力とは与えられるものではなく冷徹な決意と闇の支配によって奪い取るものだと確信しています。彼らにとってあらゆる会議場や宮廷はチェス盤であり、劣る者は犠牲にされるべき駒にすぎません。極限の試練を生き残った強者のみを同胞として認めます。影そのものを物理的に操る能力や、他者の精神を絶対的に屈服させる技術に長けています。,処罰者 / 容赦なき野心 (Ruthless Ambition): 他者への絶対的勝利とライバルの屈服を渇望します。競争相手を罠に嵌め、支配権を誇示し、権力への道を阻む者を排除することで獣を満たします。,影の顕現 / 反射の歪み (Shadow Cast / Reflectionless): 鏡やカメラ、反射面に姿が正しく映らず、蠢く影や歪んだノイズになります。音声機器でも声が不気味に歪み、強い光や聖別された場所では超自然の露見難易度が［世代修正値］分上昇します。,冷酷 / 無情 (Ruthlessness): 冷徹で残忍な破壊衝動に駆られます。自分を挑発したり権威に逆らった者を徹底的に叩き潰し、味方や資産の犠牲をも顧みずに完全な屈服を強要します。,支配（Dominate）、怪力（Potence）に加え、選択訓えとして堕落（Corruption）または忘却（Oblivion）のいずれか一方を選択して習得します。,オブリビオン (忘却・深淵),虚無（アビス）の影を物理的に操り、暗黒の触手や道具を具現化し、影から影へと空間を渡る深淵の影魔法の訓え。,3,影渡り (Shadow Step),3-dot Mental Oblivion,アクション (Action),精神: 機知 (Wits),2ヴィータイ (2 Vitae),なし (None),中距離 (Medium),即時 (Instant),一方の影へと身を沈め、中距離離れた別の影の中から瞬時に現れる。,足元の影へと肉体を沈み込ませ、中距離（Medium）内にある別の影の中から瞬時に踏み出す。空間を跳躍する影渡りの技。,•••••: 何キロメートルも離れた遠方の影へと影渡りが可能となる。,Step into a shadow in your room and step out from another shadow across the city block.,•••••: Can shadow step across miles.
ラソンブラ,Lasombra,影が世界を覆うとき、我らが世界を支配する。,冷酷な企業CEO、腐敗した聖職者、容赦なき社交界の黒幕、失脚した政治家、カルテルのフィクサー,ラソンブラは、世界はそれを支配する強い意志を持つ者のものであり、力とは与えられるものではなく冷徹な決意と闇の支配によって奪い取るものだと確信しています。彼らにとってあらゆる会議場や宮廷はチェス盤であり、劣る者は犠牲にされるべき駒にすぎません。極限の試練を生き残った強者のみを同胞として認めます。影そのものを物理的に操る能力や、他者の精神を絶対的に屈服させる技術に長けています。,処罰者 / 容赦なき野心 (Ruthless Ambition): 他者への絶対的勝利とライバルの屈服を渇望します。競争相手を罠に嵌め、支配権を誇示し、権力への道を阻む者を排除することで獣を満たします。,影の顕現 / 反射の歪み (Shadow Cast / Reflectionless): 鏡やカメラ、反射面に姿が正しく映らず、蠢く影や歪んだノイズになります。音声機器でも声が不気味に歪み、強い光や聖別された場所では超自然の露見難易度が［世代修正値］分上昇します。,冷酷 / 無情 (Ruthlessness): 冷徹で残忍な破壊衝動に駆られます。自分を挑発したり権威に逆らった者を徹底的に叩き潰し、味方や資産の犠牲をも顧みずに完全な屈服を強要します。,支配（Dominate）、怪力（Potence）に加え、選択訓えとして堕落（Corruption）または忘却（Oblivion）のいずれか一方を選択して習得します。,ポウテンス (怪力・剛力),物理法則を無視した超人的筋力を発揮し、あらゆる障害物を粉砕し、垂直の壁を登り、壊滅的な打撃を叩き込む剛力の訓え。,1,猛進撃 (Bull Rush),1-dot Physical Potence,アクション (Action),肉体: 筋力 (Strength),1ヴィータイ (1 Vitae),なし (None),術者自身 (Self),即時 (Instant),圧倒的な力で突進し、進路上の敵を吹き飛ばして床に叩きつける。,超自然的な推進力で前方へ猛突進し、接触した敵を後方へと吹き飛ばして床に叩きつける。,"•••: レンガやコンクリートの壁を突き破って突進できる。
•••••: 走行中の車両をも体当たりで横転・吹き飛ばす。","Charge forward with supernatural force, sending opponents flying backward and crashing to the floor.","•••: Smashes through brick walls.
•••••: Knocks down vehicles."
ラソンブラ,Lasombra,影が世界を覆うとき、我らが世界を支配する。,冷酷な企業CEO、腐敗した聖職者、容赦なき社交界の黒幕、失脚した政治家、カルテルのフィクサー,ラソンブラは、世界はそれを支配する強い意志を持つ者のものであり、力とは与えられるものではなく冷徹な決意と闇の支配によって奪い取るものだと確信しています。彼らにとってあらゆる会議場や宮廷はチェス盤であり、劣る者は犠牲にされるべき駒にすぎません。極限の試練を生き残った強者のみを同胞として認めます。影そのものを物理的に操る能力や、他者の精神を絶対的に屈服させる技術に長けています。,処罰者 / 容赦なき野心 (Ruthless Ambition): 他者への絶対的勝利とライバルの屈服を渇望します。競争相手を罠に嵌め、支配権を誇示し、権力への道を阻む者を排除することで獣を満たします。,影の顕現 / 反射の歪み (Shadow Cast / Reflectionless): 鏡やカメラ、反射面に姿が正しく映らず、蠢く影や歪んだノイズになります。音声機器でも声が不気味に歪み、強い光や聖別された場所では超自然の露見難易度が［世代修正値］分上昇します。,冷酷 / 無情 (Ruthlessness): 冷徹で残忍な破壊衝動に駆られます。自分を挑発したり権威に逆らった者を徹底的に叩き潰し、味方や資産の犠牲をも顧みずに完全な屈服を強要します。,支配（Dominate）、怪力（Potence）に加え、選択訓えとして堕落（Corruption）または忘却（Oblivion）のいずれか一方を選択して習得します。,ポウテンス (怪力・剛力),物理法則を無視した超人的筋力を発揮し、あらゆる障害物を粉砕し、垂直の壁を登り、壊滅的な打撃を叩き込む剛力の訓え。,1,怪力の爪痕 (Imprint),1-dot Physical Potence,アクション (Action),肉体: 筋力 (Strength),なし (None),なし (None),術者自身 (Self),1シーン (One scene),指先を石や鋼鉄に食い込ませ、壁や天井を蜘蛛のように登攀する。,指先や足先を超人的な力で石材、レンガ、鋼鉄に食い込ませて足場を作り、垂直の壁面を蜘蛛のように登り降りする。,"•••: 天井に逆さにぶら下がりながら移動できるようになる。
•••••: コンクリートの塊を素手で引き剥がして投擲武器として使用できる。","Dig fingers and boots into stone, brick, or steel, climbing sheer walls like a spider.","•••: Climb upside down across ceilings.
•••••: Tear off chunks of concrete to throw."
ラソンブラ,Lasombra,影が世界を覆うとき、我らが世界を支配する。,冷酷な企業CEO、腐敗した聖職者、容赦なき社交界の黒幕、失脚した政治家、カルテルのフィクサー,ラソンブラは、世界はそれを支配する強い意志を持つ者のものであり、力とは与えられるものではなく冷徹な決意と闇の支配によって奪い取るものだと確信しています。彼らにとってあらゆる会議場や宮廷はチェス盤であり、劣る者は犠牲にされるべき駒にすぎません。極限の試練を生き残った強者のみを同胞として認めます。影そのものを物理的に操る能力や、他者の精神を絶対的に屈服させる技術に長けています。,処罰者 / 容赦なき野心 (Ruthless Ambition): 他者への絶対的勝利とライバルの屈服を渇望します。競争相手を罠に嵌め、支配権を誇示し、権力への道を阻む者を排除することで獣を満たします。,影の顕現 / 反射の歪み (Shadow Cast / Reflectionless): 鏡やカメラ、反射面に姿が正しく映らず、蠢く影や歪んだノイズになります。音声機器でも声が不気味に歪み、強い光や聖別された場所では超自然の露見難易度が［世代修正値］分上昇します。,冷酷 / 無情 (Ruthlessness): 冷徹で残忍な破壊衝動に駆られます。自分を挑発したり権威に逆らった者を徹底的に叩き潰し、味方や資産の犠牲をも顧みずに完全な屈服を強要します。,支配（Dominate）、怪力（Potence）に加え、選択訓えとして堕落（Corruption）または忘却（Oblivion）のいずれか一方を選択して習得します。,ポウテンス (怪力・剛力),物理法則を無視した超人的筋力を発揮し、あらゆる障害物を粉砕し、垂直の壁を登り、壊滅的な打撃を叩き込む剛力の訓え。,1,飛翔の跳躍 (Soaring Leap),1-dot Physical Potence,アクション (Action),肉体: 筋力 (Strength),なし (None),なし (None),術者自身 (Self),即時 (Instant),脚力を爆発させ、数階建ての屋上や道路を軽々と跳躍する。,脚部の筋肉を超人的に強化し、助走なしでも数階建てのビル屋上や広い大通りを軽々と飛び越える跳躍力を発揮する。,"•••: 5階建て以上のビルを一度の跳躍で飛び越える。
•••••: 1回の跳躍で何キロメートルもの距離を踏破する。",Leap several stories into the air or leap across wide streets from rooftop to rooftop.,"•••: Leap over 5-story buildings.
•••••: Leap miles in single bounds."
ラソンブラ,Lasombra,影が世界を覆うとき、我らが世界を支配する。,冷酷な企業CEO、腐敗した聖職者、容赦なき社交界の黒幕、失脚した政治家、カルテルのフィクサー,ラソンブラは、世界はそれを支配する強い意志を持つ者のものであり、力とは与えられるものではなく冷徹な決意と闇の支配によって奪い取るものだと確信しています。彼らにとってあらゆる会議場や宮廷はチェス盤であり、劣る者は犠牲にされるべき駒にすぎません。極限の試練を生き残った強者のみを同胞として認めます。影そのものを物理的に操る能力や、他者の精神を絶対的に屈服させる技術に長けています。,処罰者 / 容赦なき野心 (Ruthless Ambition): 他者への絶対的勝利とライバルの屈服を渇望します。競争相手を罠に嵌め、支配権を誇示し、権力への道を阻む者を排除することで獣を満たします。,影の顕現 / 反射の歪み (Shadow Cast / Reflectionless): 鏡やカメラ、反射面に姿が正しく映らず、蠢く影や歪んだノイズになります。音声機器でも声が不気味に歪み、強い光や聖別された場所では超自然の露見難易度が［世代修正値］分上昇します。,冷酷 / 無情 (Ruthlessness): 冷徹で残忍な破壊衝動に駆られます。自分を挑発したり権威に逆らった者を徹底的に叩き潰し、味方や資産の犠牲をも顧みずに完全な屈服を強要します。,支配（Dominate）、怪力（Potence）に加え、選択訓えとして堕落（Corruption）または忘却（Oblivion）のいずれか一方を選択して習得します。,ポウテンス (怪力・剛力),物理法則を無視した超人的筋力を発揮し、あらゆる障害物を粉砕し、垂直の壁を登り、壊滅的な打撃を叩き込む剛力の訓え。,2,骨砕き (Bone Breaker),2-dot Physical Potence,アクション (Action),肉体: 筋力 (Strength),1ヴィータイ (1 Vitae),対象の持久力 (Target's Stamina),接触 (Touch),即時 (Instant),組み付き時に超人的な力で骨や関節を容易にへし折る。,敵を組み伏せた際、怪力によって手足の骨や関節をへし折り、対象の手足を恒久的に破壊・無力化する。,"•••: 金属製の鎧や防具すらも容易に押し潰す。
•••••: 骨を粉々に粉砕して粉末状にする。","When grappling, snap bones and shatter joints, permanently crippling the limb.","•••: Crushes metal armor.
•••••: Liquefies bone into dust."
ラソンブラ,Lasombra,影が世界を覆うとき、我らが世界を支配する。,冷酷な企業CEO、腐敗した聖職者、容赦なき社交界の黒幕、失脚した政治家、カルテルのフィクサー,ラソンブラは、世界はそれを支配する強い意志を持つ者のものであり、力とは与えられるものではなく冷徹な決意と闇の支配によって奪い取るものだと確信しています。彼らにとってあらゆる会議場や宮廷はチェス盤であり、劣る者は犠牲にされるべき駒にすぎません。極限の試練を生き残った強者のみを同胞として認めます。影そのものを物理的に操る能力や、他者の精神を絶対的に屈服させる技術に長けています。,処罰者 / 容赦なき野心 (Ruthless Ambition): 他者への絶対的勝利とライバルの屈服を渇望します。競争相手を罠に嵌め、支配権を誇示し、権力への道を阻む者を排除することで獣を満たします。,影の顕現 / 反射の歪み (Shadow Cast / Reflectionless): 鏡やカメラ、反射面に姿が正しく映らず、蠢く影や歪んだノイズになります。音声機器でも声が不気味に歪み、強い光や聖別された場所では超自然の露見難易度が［世代修正値］分上昇します。,冷酷 / 無情 (Ruthlessness): 冷徹で残忍な破壊衝動に駆られます。自分を挑発したり権威に逆らった者を徹底的に叩き潰し、味方や資産の犠牲をも顧みずに完全な屈服を強要します。,支配（Dominate）、怪力（Potence）に加え、選択訓えとして堕落（Corruption）または忘却（Oblivion）のいずれか一方を選択して習得します。,ポウテンス (怪力・剛力),物理法則を無視した超人的筋力を発揮し、あらゆる障害物を粉砕し、垂直の壁を登り、壊滅的な打撃を叩き込む剛力の訓え。,2,大地揺るがし (Earthshock),2-dot Physical Potence,アクション (Action),肉体: 筋力 (Strength),1ヴィータイ (1 Vitae),なし (None),近距離 (Near),即時 (Instant),地面に拳を叩きつけ、衝撃波で周囲の敵を転倒させる。,地面や床面に超怪力の拳を叩きつけ、周囲一帯に強烈な震動と衝撃波を走らせて、近距離にいるすべての敵を足元からすくい上げて転倒させる。,"•••: アスファルトの舗装道路を放射状に粉砕する。
•••••: 小型建築物やプレハブ小屋を衝撃波で倒壊させる。","Strike the ground with a punch, sending a shockwave that knocks everyone nearby off their feet.","•••: Shatters street pavement.
•••••: Collapses small buildings."
ラソンブラ,Lasombra,影が世界を覆うとき、我らが世界を支配する。,冷酷な企業CEO、腐敗した聖職者、容赦なき社交界の黒幕、失脚した政治家、カルテルのフィクサー,ラソンブラは、世界はそれを支配する強い意志を持つ者のものであり、力とは与えられるものではなく冷徹な決意と闇の支配によって奪い取るものだと確信しています。彼らにとってあらゆる会議場や宮廷はチェス盤であり、劣る者は犠牲にされるべき駒にすぎません。極限の試練を生き残った強者のみを同胞として認めます。影そのものを物理的に操る能力や、他者の精神を絶対的に屈服させる技術に長けています。,処罰者 / 容赦なき野心 (Ruthless Ambition): 他者への絶対的勝利とライバルの屈服を渇望します。競争相手を罠に嵌め、支配権を誇示し、権力への道を阻む者を排除することで獣を満たします。,影の顕現 / 反射の歪み (Shadow Cast / Reflectionless): 鏡やカメラ、反射面に姿が正しく映らず、蠢く影や歪んだノイズになります。音声機器でも声が不気味に歪み、強い光や聖別された場所では超自然の露見難易度が［世代修正値］分上昇します。,冷酷 / 無情 (Ruthlessness): 冷徹で残忍な破壊衝動に駆られます。自分を挑発したり権威に逆らった者を徹底的に叩き潰し、味方や資産の犠牲をも顧みずに完全な屈服を強要します。,支配（Dominate）、怪力（Potence）に加え、選択訓えとして堕落（Corruption）または忘却（Oblivion）のいずれか一方を選択して習得します。,ポウテンス (怪力・剛力),物理法則を無視した超人的筋力を発揮し、あらゆる障害物を粉砕し、垂直の壁を登り、壊滅的な打撃を叩き込む剛力の訓え。,2,渾身の一撃 (Powerful Strike),2-dot Physical Potence,アクション (Action),肉体: 筋力 (Strength),1ヴィータイ (1 Vitae),なし (None),術者自身 (Self),即時 (Instant),次の一撃の威力を跳ね上げ、訓えドット数分の追加ダメージを与える。,次に行う素手（格闘）または近接武器による一撃に怪力を集中し、最終ダメージに直接［ポウテンスのドット数］を加える。,なし,Add Potence dots directly to the final damage of your next Melee or Brawl strike.,None
ラソンブラ,Lasombra,影が世界を覆うとき、我らが世界を支配する。,冷酷な企業CEO、腐敗した聖職者、容赦なき社交界の黒幕、失脚した政治家、カルテルのフィクサー,ラソンブラは、世界はそれを支配する強い意志を持つ者のものであり、力とは与えられるものではなく冷徹な決意と闇の支配によって奪い取るものだと確信しています。彼らにとってあらゆる会議場や宮廷はチェス盤であり、劣る者は犠牲にされるべき駒にすぎません。極限の試練を生き残った強者のみを同胞として認めます。影そのものを物理的に操る能力や、他者の精神を絶対的に屈服させる技術に長けています。,処罰者 / 容赦なき野心 (Ruthless Ambition): 他者への絶対的勝利とライバルの屈服を渇望します。競争相手を罠に嵌め、支配権を誇示し、権力への道を阻む者を排除することで獣を満たします。,影の顕現 / 反射の歪み (Shadow Cast / Reflectionless): 鏡やカメラ、反射面に姿が正しく映らず、蠢く影や歪んだノイズになります。音声機器でも声が不気味に歪み、強い光や聖別された場所では超自然の露見難易度が［世代修正値］分上昇します。,冷酷 / 無情 (Ruthlessness): 冷徹で残忍な破壊衝動に駆られます。自分を挑発したり権威に逆らった者を徹底的に叩き潰し、味方や資産の犠牲をも顧みずに完全な屈服を強要します。,支配（Dominate）、怪力（Potence）に加え、選択訓えとして堕落（Corruption）または忘却（Oblivion）のいずれか一方を選択して習得します。,ポウテンス (怪力・剛力),物理法則を無視した超人的筋力を発揮し、あらゆる障害物を粉砕し、垂直の壁を登り、壊滅的な打撃を叩き込む剛力の訓え。,3,不可避の痛撃 (Strike True),3-dot Physical Potence,アクション (Action),肉体: 筋力 (Strength),2ヴィータイ (2 Vitae),なし (None),術者自身 (Self),即時 (Instant),受け流しや回避を許さない不可避の超高速・超重量攻撃を繰り出す。,回避不能な凄まじい速度と運動量をもって攻撃を繰り出し、防御側が受け流しや回避の判定を行うことを一切封じる。,•••••: 重装甲や戦車級の防具を一撃で粉々に貫通・粉砕する。,Swing with such terrifying speed and momentum that defenders cannot dodge or block the blow.,•••••: Blow destroys heavy armor instantly.
ラソンブラ,Lasombra,影が世界を覆うとき、我らが世界を支配する。,冷酷な企業CEO、腐敗した聖職者、容赦なき社交界の黒幕、失脚した政治家、カルテルのフィクサー,ラソンブラは、世界はそれを支配する強い意志を持つ者のものであり、力とは与えられるものではなく冷徹な決意と闇の支配によって奪い取るものだと確信しています。彼らにとってあらゆる会議場や宮廷はチェス盤であり、劣る者は犠牲にされるべき駒にすぎません。極限の試練を生き残った強者のみを同胞として認めます。影そのものを物理的に操る能力や、他者の精神を絶対的に屈服させる技術に長けています。,処罰者 / 容赦なき野心 (Ruthless Ambition): 他者への絶対的勝利とライバルの屈服を渇望します。競争相手を罠に嵌め、支配権を誇示し、権力への道を阻む者を排除することで獣を満たします。,影の顕現 / 反射の歪み (Shadow Cast / Reflectionless): 鏡やカメラ、反射面に姿が正しく映らず、蠢く影や歪んだノイズになります。音声機器でも声が不気味に歪み、強い光や聖別された場所では超自然の露見難易度が［世代修正値］分上昇します。,冷酷 / 無情 (Ruthlessness): 冷徹で残忍な破壊衝動に駆られます。自分を挑発したり権威に逆らった者を徹底的に叩き潰し、味方や資産の犠牲をも顧みずに完全な屈服を強要します。,支配（Dominate）、怪力（Potence）に加え、選択訓えとして堕落（Corruption）または忘却（Oblivion）のいずれか一方を選択して習得します。,ポウテンス (怪力・剛力),物理法則を無視した超人的筋力を発揮し、あらゆる障害物を粉砕し、垂直の壁を登り、壊滅的な打撃を叩き込む剛力の訓え。,3,雄叫び (War Cry),3-dot Social Potence,アクション (Action),社会: カリスマ (Charisma),1ヴィータイ (1 Vitae),対象の平静 (Target's Composure),近距離 (Near),即時 (Instant),魂を震わせる咆哮で人間を逃走させ、吸血鬼を恐怖狂乱に追い込む。,内なる獣の怪力を込めた戦慄の雄叫びを放ち、人間を恐怖で逃走させ、吸血鬼に対して恐怖狂乱（Rötschreck）の抵抗テストを強制する。,•••••: 咆哮の衝撃波が大通りを挟んだ向かいの建物のガラスを一斉に粉砕する。,Unleash a terrifying battle roar that sends mortals fleeing and forces Kindred to test for terror frenzy.,•••••: Roar shatters glass across the street.
ミニストリー,The Ministry,真に自由になるためには、己自身に屈服せよ。,カルト指導者、快楽主義のアーティスト、違法薬物の元締め、過激派セラピスト、裏社会の銀行家,かつて「セトの信徒」として恐れられたミニストリーは、道徳律や法、宗教的戒律はすべて魂を束縛する鎖にすぎないと説きます。真の精神的解放を得るには、あらゆる禁忌を犯し、欲望の限界を試し、己を縛るすべての偽善を粉砕しなければならないと考えます。彼らは誘惑者であり霊的導き手として、人々が最も渇望するものを提供し、快楽と負債の網へと絡め取っていきます。,誘惑者 (Tempting Beast): 他者を堕落させ、禁忌を打ち破ることを切望します。他人に悪徳を犯させ、誓いを破らせ、偽善を暴き立てることで獣を満たします。,陽光の禍 (Sunlight Bane): 日光に対する脆弱性が他氏族より遥かに深刻です。日光に晒された際に［世代修正値］分の追加ダメージを受け、火や日光による恐怖狂乱の難易度も［世代修正値］分上昇します。,背徳 (Transgression): 衝撃的な道徳的・社会的禁忌を犯そうと暴走します。神聖な象徴を破壊し、周囲の人間に信念を破らせ、自らの最も暗い悪徳を衆人環視の中で満たそうとします。,堕落（Corruption）、隠匿（Obfuscate）、威厳（Presence）の3つの訓えを標準で習得可能です。,コラプション (堕落・誘惑),他者の心に疑念や悪夢、抑えがたい罪の欲望を植え付け、精神と魂を蝕んで意のままに操る闇の訓え。毒蛇への変身や猛毒の血をも操る。,1,矛盾の囁き (Contradict),1-dot Social Corruption,アクション (Action),社会: 操作力 (Manipulation),1ヴィータイ (1 Vitae),対象の平静 (Target's Composure),近距離 (Near),1ターン (One turn),疑念の囁きで対象の予定していた行動を正反対のものへと覆す。,相手の心に微細な疑念を囁きかけ、対象がその手番で予定していた意図や行動とは正反対のことを強制的に行わせる。,"•••: 同時に複数の対象に影響を与えることができる。
•••••: 対象を操り、その味方を攻撃させることができる。",Whisper a subtle doubt that forces the target to do the opposite of what they planned for their turn.,"•••: Affects multiple targets.
•••••: Forces target to attack their ally."
ミニストリー,The Ministry,真に自由になるためには、己自身に屈服せよ。,カルト指導者、快楽主義のアーティスト、違法薬物の元締め、過激派セラピスト、裏社会の銀行家,かつて「セトの信徒」として恐れられたミニストリーは、道徳律や法、宗教的戒律はすべて魂を束縛する鎖にすぎないと説きます。真の精神的解放を得るには、あらゆる禁忌を犯し、欲望の限界を試し、己を縛るすべての偽善を粉砕しなければならないと考えます。彼らは誘惑者であり霊的導き手として、人々が最も渇望するものを提供し、快楽と負債の網へと絡め取っていきます。,誘惑者 (Tempting Beast): 他者を堕落させ、禁忌を打ち破ることを切望します。他人に悪徳を犯させ、誓いを破らせ、偽善を暴き立てることで獣を満たします。,陽光の禍 (Sunlight Bane): 日光に対する脆弱性が他氏族より遥かに深刻です。日光に晒された際に［世代修正値］分の追加ダメージを受け、火や日光による恐怖狂乱の難易度も［世代修正値］分上昇します。,背徳 (Transgression): 衝撃的な道徳的・社会的禁忌を犯そうと暴走します。神聖な象徴を破壊し、周囲の人間に信念を破らせ、自らの最も暗い悪徳を衆人環視の中で満たそうとします。,堕落（Corruption）、隠匿（Obfuscate）、威厳（Presence）の3つの訓えを標準で習得可能です。,コラプション (堕落・誘惑),他者の心に疑念や悪夢、抑えがたい罪の欲望を植え付け、精神と魂を蝕んで意のままに操る闇の訓え。毒蛇への変身や猛毒の血をも操る。,1,悪夢の幻視 (Nightmare Glimpses),1-dot Mental Corruption,アクション (Action),社会: 操作力 (Manipulation),意志力1点 (1 Willpower),対象の決意 (Target's Resolve),近距離 (Near),即時 (Instant),対象の最悪の恐怖を幻視させ、強烈な恐怖と躊躇を植え付ける。,対象の心の奥底にある最も根源的な恐怖の幻覚を見せつけ、パニックに陥らせて行動を躊躇・中断させる。,"•••: パニックに陥った対象が所持品をその場に投げ出してしまう。
•••••: 対象を恐怖による完全な麻痺状態に陥れる。","Cause the target to see horrifying visions of their deepest fears, inflicting terror and hesitation.","•••: Target drops items in panic.
•••••: Target suffers paralyzing terror."
ミニストリー,The Ministry,真に自由になるためには、己自身に屈服せよ。,カルト指導者、快楽主義のアーティスト、違法薬物の元締め、過激派セラピスト、裏社会の銀行家,かつて「セトの信徒」として恐れられたミニストリーは、道徳律や法、宗教的戒律はすべて魂を束縛する鎖にすぎないと説きます。真の精神的解放を得るには、あらゆる禁忌を犯し、欲望の限界を試し、己を縛るすべての偽善を粉砕しなければならないと考えます。彼らは誘惑者であり霊的導き手として、人々が最も渇望するものを提供し、快楽と負債の網へと絡め取っていきます。,誘惑者 (Tempting Beast): 他者を堕落させ、禁忌を打ち破ることを切望します。他人に悪徳を犯させ、誓いを破らせ、偽善を暴き立てることで獣を満たします。,陽光の禍 (Sunlight Bane): 日光に対する脆弱性が他氏族より遥かに深刻です。日光に晒された際に［世代修正値］分の追加ダメージを受け、火や日光による恐怖狂乱の難易度も［世代修正値］分上昇します。,背徳 (Transgression): 衝撃的な道徳的・社会的禁忌を犯そうと暴走します。神聖な象徴を破壊し、周囲の人間に信念を破らせ、自らの最も暗い悪徳を衆人環視の中で満たそうとします。,堕落（Corruption）、隠匿（Obfuscate）、威厳（Presence）の3つの訓えを標準で習得可能です。,コラプション (堕落・誘惑),他者の心に疑念や悪夢、抑えがたい罪の欲望を植え付け、精神と魂を蝕んで意のままに操る闇の訓え。毒蛇への変身や猛毒の血をも操る。,1,自己疑念 (Self Doubt),1-dot Social Corruption,アクション (Action),社会: 操作力 (Manipulation),なし (None),対象の平静 (Target's Composure),近距離 (Near),1シーン (One scene),壊滅的な自己不信を植え付け、対象のテストにペナルティを与える。,対象の心に強烈な劣等感と自己不信を植え付け、持続時間中、対象のあらゆるテストに［コラプションのドット数］に等しいダイスペナルティを課す。,"•••: 声の届く範囲にいる対象の味方全員にもペナルティが適用される。
•••••: 交渉において対象が即座に白旗を揚げて屈服する。","Inflict crushing self-doubt on a target, imposing a dice penalty to their tests equal to your Corruption dots.","•••: Penalty applies to all allies within earshot.
•••••: Target yields immediately in negotiation."
ミニストリー,The Ministry,真に自由になるためには、己自身に屈服せよ。,カルト指導者、快楽主義のアーティスト、違法薬物の元締め、過激派セラピスト、裏社会の銀行家,かつて「セトの信徒」として恐れられたミニストリーは、道徳律や法、宗教的戒律はすべて魂を束縛する鎖にすぎないと説きます。真の精神的解放を得るには、あらゆる禁忌を犯し、欲望の限界を試し、己を縛るすべての偽善を粉砕しなければならないと考えます。彼らは誘惑者であり霊的導き手として、人々が最も渇望するものを提供し、快楽と負債の網へと絡め取っていきます。,誘惑者 (Tempting Beast): 他者を堕落させ、禁忌を打ち破ることを切望します。他人に悪徳を犯させ、誓いを破らせ、偽善を暴き立てることで獣を満たします。,陽光の禍 (Sunlight Bane): 日光に対する脆弱性が他氏族より遥かに深刻です。日光に晒された際に［世代修正値］分の追加ダメージを受け、火や日光による恐怖狂乱の難易度も［世代修正値］分上昇します。,背徳 (Transgression): 衝撃的な道徳的・社会的禁忌を犯そうと暴走します。神聖な象徴を破壊し、周囲の人間に信念を破らせ、自らの最も暗い悪徳を衆人環視の中で満たそうとします。,堕落（Corruption）、隠匿（Obfuscate）、威厳（Presence）の3つの訓えを標準で習得可能です。,コラプション (堕落・誘惑),他者の心に疑念や悪夢、抑えがたい罪の欲望を植え付け、精神と魂を蝕んで意のままに操る闇の訓え。毒蛇への変身や猛毒の血をも操る。,2,永続する呪詛 (Lingering Curse),2-dot Social Corruption,アクション (Action),社会: 操作力 (Manipulation),1ヴィータイ (1 Vitae),対象の決意 (Target's Resolve),接触 (Touch),1夜 (One night),超自然的な不運を刻み込み、判定失敗時に破滅的結果を招かせる。,対象に災厄の呪いを付与する。対象が判定でファンブル（致命的失敗）を出した際、その結果が壊滅的な大惨事へと発展する。,"•••: 呪いの効果が1週間にわたって持続する。
•••••: 呪いの効果が1ヶ月間にわたって持続する。","Afflict target with supernatural bad luck; whenever they roll a critical failure, the consequences are disastrous.","•••: Lasts for a week.
•••••: Lasts for a month."
ミニストリー,The Ministry,真に自由になるためには、己自身に屈服せよ。,カルト指導者、快楽主義のアーティスト、違法薬物の元締め、過激派セラピスト、裏社会の銀行家,かつて「セトの信徒」として恐れられたミニストリーは、道徳律や法、宗教的戒律はすべて魂を束縛する鎖にすぎないと説きます。真の精神的解放を得るには、あらゆる禁忌を犯し、欲望の限界を試し、己を縛るすべての偽善を粉砕しなければならないと考えます。彼らは誘惑者であり霊的導き手として、人々が最も渇望するものを提供し、快楽と負債の網へと絡め取っていきます。,誘惑者 (Tempting Beast): 他者を堕落させ、禁忌を打ち破ることを切望します。他人に悪徳を犯させ、誓いを破らせ、偽善を暴き立てることで獣を満たします。,陽光の禍 (Sunlight Bane): 日光に対する脆弱性が他氏族より遥かに深刻です。日光に晒された際に［世代修正値］分の追加ダメージを受け、火や日光による恐怖狂乱の難易度も［世代修正値］分上昇します。,背徳 (Transgression): 衝撃的な道徳的・社会的禁忌を犯そうと暴走します。神聖な象徴を破壊し、周囲の人間に信念を破らせ、自らの最も暗い悪徳を衆人環視の中で満たそうとします。,堕落（Corruption）、隠匿（Obfuscate）、威厳（Presence）の3つの訓えを標準で習得可能です。,コラプション (堕落・誘惑),他者の心に疑念や悪夢、抑えがたい罪の欲望を植え付け、精神と魂を蝕んで意のままに操る闇の訓え。毒蛇への変身や猛毒の血をも操る。,2,蛇の誘惑 (Serpent's Seduction),2-dot Social Corruption,アクション (Action),社会: カリスマ (Charisma),1ヴィータイ (1 Vitae),対象の平静 (Target's Composure),視線が通る距離 (Line of sight),1シーン (One scene),対象の抑圧された罪深い欲望を呼び覚まし、誘惑に屈服させる。,対象の心の奥底に潜む最も暗い罪悪感や悪徳の欲望をかき立て、自制心を奪って欲望に身を委ねさせる。,"•••: 対象が欲望を満たすために重犯罪に走るようになる。
•••••: 対象が術者の愛顧と指示に完全に依存・中毒する。","Stir the deepest sinful desire in a target, making them helpless against indulgence.","•••: Target commits crime to satisfy craving.
•••••: Target becomes completely addicted to your favor."
ミニストリー,The Ministry,真に自由になるためには、己自身に屈服せよ。,カルト指導者、快楽主義のアーティスト、違法薬物の元締め、過激派セラピスト、裏社会の銀行家,かつて「セトの信徒」として恐れられたミニストリーは、道徳律や法、宗教的戒律はすべて魂を束縛する鎖にすぎないと説きます。真の精神的解放を得るには、あらゆる禁忌を犯し、欲望の限界を試し、己を縛るすべての偽善を粉砕しなければならないと考えます。彼らは誘惑者であり霊的導き手として、人々が最も渇望するものを提供し、快楽と負債の網へと絡め取っていきます。,誘惑者 (Tempting Beast): 他者を堕落させ、禁忌を打ち破ることを切望します。他人に悪徳を犯させ、誓いを破らせ、偽善を暴き立てることで獣を満たします。,陽光の禍 (Sunlight Bane): 日光に対する脆弱性が他氏族より遥かに深刻です。日光に晒された際に［世代修正値］分の追加ダメージを受け、火や日光による恐怖狂乱の難易度も［世代修正値］分上昇します。,背徳 (Transgression): 衝撃的な道徳的・社会的禁忌を犯そうと暴走します。神聖な象徴を破壊し、周囲の人間に信念を破らせ、自らの最も暗い悪徳を衆人環視の中で満たそうとします。,堕落（Corruption）、隠匿（Obfuscate）、威厳（Presence）の3つの訓えを標準で習得可能です。,コラプション (堕落・誘惑),他者の心に疑念や悪夢、抑えがたい罪の欲望を植え付け、精神と魂を蝕んで意のままに操る闇の訓え。毒蛇への変身や猛毒の血をも操る。,2,猛毒の血 (Venomous Blood),2-dot Physical Corruption,リアクション (Reaction),肉体: 持久力 (Stamina),1ヴィータイ (1 Vitae),対象の持久力 (Target's Stamina),術者自身 (Self),1シーン (One scene),自身の血液を強酸性の猛毒に変え、攻撃者に破滅的ダメージを与える。,噛みつかれたり肉体を傷つけられた際、傷口から流れる血液が強酸と猛毒を帯びて肉を焼き、攻撃者に破滅的（Aggravated）ダメージを与える。,なし,"When bitten or cut, your blood burns flesh and corrodes weapons, dealing Aggravated damage to attackers.",None
ミニストリー,The Ministry,真に自由になるためには、己自身に屈服せよ。,カルト指導者、快楽主義のアーティスト、違法薬物の元締め、過激派セラピスト、裏社会の銀行家,かつて「セトの信徒」として恐れられたミニストリーは、道徳律や法、宗教的戒律はすべて魂を束縛する鎖にすぎないと説きます。真の精神的解放を得るには、あらゆる禁忌を犯し、欲望の限界を試し、己を縛るすべての偽善を粉砕しなければならないと考えます。彼らは誘惑者であり霊的導き手として、人々が最も渇望するものを提供し、快楽と負債の網へと絡め取っていきます。,誘惑者 (Tempting Beast): 他者を堕落させ、禁忌を打ち破ることを切望します。他人に悪徳を犯させ、誓いを破らせ、偽善を暴き立てることで獣を満たします。,陽光の禍 (Sunlight Bane): 日光に対する脆弱性が他氏族より遥かに深刻です。日光に晒された際に［世代修正値］分の追加ダメージを受け、火や日光による恐怖狂乱の難易度も［世代修正値］分上昇します。,背徳 (Transgression): 衝撃的な道徳的・社会的禁忌を犯そうと暴走します。神聖な象徴を破壊し、周囲の人間に信念を破らせ、自らの最も暗い悪徳を衆人環視の中で満たそうとします。,堕落（Corruption）、隠匿（Obfuscate）、威厳（Presence）の3つの訓えを標準で習得可能です。,コラプション (堕落・誘惑),他者の心に疑念や悪夢、抑えがたい罪の欲望を植え付け、精神と魂を蝕んで意のままに操る闇の訓え。毒蛇への変身や猛毒の血をも操る。,3,コブラの形態 (Form of the Cobra),3-dot Physical Corruption,アクション (Action),肉体: 持久力 (Stamina),2ヴィータイ (2 Vitae),なし (None),術者自身 (Self),1シーン (One scene),毒牙と催眠の眼差しを持つ巨大な黒コブラへと変身する。,自身の肉体を、猛毒の牙、硬質な鱗の装甲、そして催眠的な眼差しを持つ巨大な黒コブラへと変化させる。,•••••: 毒蛇の大群（スウォーム）へと変身・分散できるようになる。,"Your flesh transforms into a giant black cobra with venomous fangs, armored scales, and hypnotic gaze.",•••••: Can transform into a swarm of vipers.
ミニストリー,The Ministry,真に自由になるためには、己自身に屈服せよ。,カルト指導者、快楽主義のアーティスト、違法薬物の元締め、過激派セラピスト、裏社会の銀行家,かつて「セトの信徒」として恐れられたミニストリーは、道徳律や法、宗教的戒律はすべて魂を束縛する鎖にすぎないと説きます。真の精神的解放を得るには、あらゆる禁忌を犯し、欲望の限界を試し、己を縛るすべての偽善を粉砕しなければならないと考えます。彼らは誘惑者であり霊的導き手として、人々が最も渇望するものを提供し、快楽と負債の網へと絡め取っていきます。,誘惑者 (Tempting Beast): 他者を堕落させ、禁忌を打ち破ることを切望します。他人に悪徳を犯させ、誓いを破らせ、偽善を暴き立てることで獣を満たします。,陽光の禍 (Sunlight Bane): 日光に対する脆弱性が他氏族より遥かに深刻です。日光に晒された際に［世代修正値］分の追加ダメージを受け、火や日光による恐怖狂乱の難易度も［世代修正値］分上昇します。,背徳 (Transgression): 衝撃的な道徳的・社会的禁忌を犯そうと暴走します。神聖な象徴を破壊し、周囲の人間に信念を破らせ、自らの最も暗い悪徳を衆人環視の中で満たそうとします。,堕落（Corruption）、隠匿（Obfuscate）、威厳（Presence）の3つの訓えを標準で習得可能です。,コラプション (堕落・誘惑),他者の心に疑念や悪夢、抑えがたい罪の欲望を植え付け、精神と魂を蝕んで意のままに操る闇の訓え。毒蛇への変身や猛毒の血をも操る。,3,魂の引き裂き (Tear the Soul),3-dot Social Corruption,アクション (Action),社会: 操作力 (Manipulation),2ヴィータイ (2 Vitae),対象の決意 (Target's Resolve),近距離 (Near),即時 (Instant),対象の精神防御を粉砕し、意志力を根こそぎ奪い去る。,対象の精神の防壁を暴力的に破壊し、残されたすべての意志力ポイントを強制的に剥奪して無力化する。,•••••: 対象を完全な無気力・昏睡状態（緊張病性昏迷）に陥れる。,"Crush the target's mental defenses, stripping them of all remaining Willpower points.",•••••: Target falls into a catatonic stupor.
ミニストリー,The Ministry,真に自由になるためには、己自身に屈服せよ。,カルト指導者、快楽主義のアーティスト、違法薬物の元締め、過激派セラピスト、裏社会の銀行家,かつて「セトの信徒」として恐れられたミニストリーは、道徳律や法、宗教的戒律はすべて魂を束縛する鎖にすぎないと説きます。真の精神的解放を得るには、あらゆる禁忌を犯し、欲望の限界を試し、己を縛るすべての偽善を粉砕しなければならないと考えます。彼らは誘惑者であり霊的導き手として、人々が最も渇望するものを提供し、快楽と負債の網へと絡め取っていきます。,誘惑者 (Tempting Beast): 他者を堕落させ、禁忌を打ち破ることを切望します。他人に悪徳を犯させ、誓いを破らせ、偽善を暴き立てることで獣を満たします。,陽光の禍 (Sunlight Bane): 日光に対する脆弱性が他氏族より遥かに深刻です。日光に晒された際に［世代修正値］分の追加ダメージを受け、火や日光による恐怖狂乱の難易度も［世代修正値］分上昇します。,背徳 (Transgression): 衝撃的な道徳的・社会的禁忌を犯そうと暴走します。神聖な象徴を破壊し、周囲の人間に信念を破らせ、自らの最も暗い悪徳を衆人環視の中で満たそうとします。,堕落（Corruption）、隠匿（Obfuscate）、威厳（Presence）の3つの訓えを標準で習得可能です。,オブファスケイト (隠匿・隠密),周囲の知覚を幻惑して影に溶け込み、姿や音を完全に消し去り、自らの外見を別人に偽装する欺瞞と隠密の訓え。,1,影の外套 (Cloak of Shadows),1-dot Mental Obfuscate,アクション (Action),精神: 機知 (Wits),なし (None),なし (None),術者自身 (Self),移動するまで持続 (Until moved),静止している限り影に完全に同化し、視界から消失する。,周囲の影や薄暗がりに溶け込む。音を立てず静止している限り、観察者は術者の姿を視覚的に認識することができない。,"•••: 姿を隠したままゆっくりと隠密移動できるようになる。
•••••: 同行者2人を同時に影に潜ませて隠匿できる。","Blend seamlessly into shadows. So long as you do not move or make noise, observers cannot see you.","•••: Can move slowly while concealed.
•••••: Can conceal 2 companions."
ミニストリー,The Ministry,真に自由になるためには、己自身に屈服せよ。,カルト指導者、快楽主義のアーティスト、違法薬物の元締め、過激派セラピスト、裏社会の銀行家,かつて「セトの信徒」として恐れられたミニストリーは、道徳律や法、宗教的戒律はすべて魂を束縛する鎖にすぎないと説きます。真の精神的解放を得るには、あらゆる禁忌を犯し、欲望の限界を試し、己を縛るすべての偽善を粉砕しなければならないと考えます。彼らは誘惑者であり霊的導き手として、人々が最も渇望するものを提供し、快楽と負債の網へと絡め取っていきます。,誘惑者 (Tempting Beast): 他者を堕落させ、禁忌を打ち破ることを切望します。他人に悪徳を犯させ、誓いを破らせ、偽善を暴き立てることで獣を満たします。,陽光の禍 (Sunlight Bane): 日光に対する脆弱性が他氏族より遥かに深刻です。日光に晒された際に［世代修正値］分の追加ダメージを受け、火や日光による恐怖狂乱の難易度も［世代修正値］分上昇します。,背徳 (Transgression): 衝撃的な道徳的・社会的禁忌を犯そうと暴走します。神聖な象徴を破壊し、周囲の人間に信念を破らせ、自らの最も暗い悪徳を衆人環視の中で満たそうとします。,堕落（Corruption）、隠匿（Obfuscate）、威厳（Presence）の3つの訓えを標準で習得可能です。,オブファスケイト (隠匿・隠密),周囲の知覚を幻惑して影に溶け込み、姿や音を完全に消し去り、自らの外見を別人に偽装する欺瞞と隠密の訓え。,1,物体の隠蔽 (Conceal),1-dot Mental Obfuscate,アクション (Action),精神: 機知 (Wits),なし (None),なし (None),接触 (Touch),1シーン (One scene),武器や鞄、乗り物などの物体を人々の視覚から隠蔽する。,指定した物体（武器、バッグ、車両など）に隠蔽の膜を張り、周囲の人間や吸血鬼がその存在に気づかずに見過ごすように仕向ける。,なし,"Cloak an object (weapon, bag, vehicle) so that onlookers look right past it without noticing.",None
ミニストリー,The Ministry,真に自由になるためには、己自身に屈服せよ。,カルト指導者、快楽主義のアーティスト、違法薬物の元締め、過激派セラピスト、裏社会の銀行家,かつて「セトの信徒」として恐れられたミニストリーは、道徳律や法、宗教的戒律はすべて魂を束縛する鎖にすぎないと説きます。真の精神的解放を得るには、あらゆる禁忌を犯し、欲望の限界を試し、己を縛るすべての偽善を粉砕しなければならないと考えます。彼らは誘惑者であり霊的導き手として、人々が最も渇望するものを提供し、快楽と負債の網へと絡め取っていきます。,誘惑者 (Tempting Beast): 他者を堕落させ、禁忌を打ち破ることを切望します。他人に悪徳を犯させ、誓いを破らせ、偽善を暴き立てることで獣を満たします。,陽光の禍 (Sunlight Bane): 日光に対する脆弱性が他氏族より遥かに深刻です。日光に晒された際に［世代修正値］分の追加ダメージを受け、火や日光による恐怖狂乱の難易度も［世代修正値］分上昇します。,背徳 (Transgression): 衝撃的な道徳的・社会的禁忌を犯そうと暴走します。神聖な象徴を破壊し、周囲の人間に信念を破らせ、自らの最も暗い悪徳を衆人環視の中で満たそうとします。,堕落（Corruption）、隠匿（Obfuscate）、威厳（Presence）の3つの訓えを標準で習得可能です。,オブファスケイト (隠匿・隠密),周囲の知覚を幻惑して影に溶け込み、姿や音を完全に消し去り、自らの外見を別人に偽装する欺瞞と隠密の訓え。,1,死の静寂 (Silence of Death),1-dot Mental Obfuscate,アクション (Action),肉体: 敏捷力 (Dexterity),なし (None),なし (None),術者自身 (Self),1シーン (One scene),足音、衣服の擦れる音、銃撃音に至るまで全動作の音を消し去る。,自身のあらゆる動作から発せられる音を完全に消去する。足音、衣服の擦れ、呼吸音、さらには手にした銃の銃撃音すら完全な無音となる。,"•••: 部屋全体の音響を吸収し、完全な静寂を作り出す。
•••••: 音の一切が存在しない絶対的な真空の静寂域を展開する。","Completely silence your footsteps, breathing, rustling clothes, and gunshots fired from your hands.","•••: Muffles sounds in an entire room.
•••••: Absolute vacuum of sound."
ミニストリー,The Ministry,真に自由になるためには、己自身に屈服せよ。,カルト指導者、快楽主義のアーティスト、違法薬物の元締め、過激派セラピスト、裏社会の銀行家,かつて「セトの信徒」として恐れられたミニストリーは、道徳律や法、宗教的戒律はすべて魂を束縛する鎖にすぎないと説きます。真の精神的解放を得るには、あらゆる禁忌を犯し、欲望の限界を試し、己を縛るすべての偽善を粉砕しなければならないと考えます。彼らは誘惑者であり霊的導き手として、人々が最も渇望するものを提供し、快楽と負債の網へと絡め取っていきます。,誘惑者 (Tempting Beast): 他者を堕落させ、禁忌を打ち破ることを切望します。他人に悪徳を犯させ、誓いを破らせ、偽善を暴き立てることで獣を満たします。,陽光の禍 (Sunlight Bane): 日光に対する脆弱性が他氏族より遥かに深刻です。日光に晒された際に［世代修正値］分の追加ダメージを受け、火や日光による恐怖狂乱の難易度も［世代修正値］分上昇します。,背徳 (Transgression): 衝撃的な道徳的・社会的禁忌を犯そうと暴走します。神聖な象徴を破壊し、周囲の人間に信念を破らせ、自らの最も暗い悪徳を衆人環視の中で満たそうとします。,堕落（Corruption）、隠匿（Obfuscate）、威厳（Presence）の3つの訓えを標準で習得可能です。,オブファスケイト (隠匿・隠密),周囲の知覚を幻惑して影に溶け込み、姿や音を完全に消し去り、自らの外見を別人に偽装する欺瞞と隠密の訓え。,2,二重言語 (Double Talk),2-dot Social Obfuscate,アクション (Action),社会: 操作力 (Manipulation),なし (None),なし (None),近距離 (Near),1回の会話中 (One conversation),日常会話を交わしながら、特定人物にのみ秘密の暗号を伝える。,周囲には他愛のない世間話をしているように聞かせながら、指定した特定の聞き手に対してのみ、全く異なる秘密のメッセージを伝達する。,なし,"Converse normally while transmitting completely different, secret messages to designated listeners.",None
ミニストリー,The Ministry,真に自由になるためには、己自身に屈服せよ。,カルト指導者、快楽主義のアーティスト、違法薬物の元締め、過激派セラピスト、裏社会の銀行家,かつて「セトの信徒」として恐れられたミニストリーは、道徳律や法、宗教的戒律はすべて魂を束縛する鎖にすぎないと説きます。真の精神的解放を得るには、あらゆる禁忌を犯し、欲望の限界を試し、己を縛るすべての偽善を粉砕しなければならないと考えます。彼らは誘惑者であり霊的導き手として、人々が最も渇望するものを提供し、快楽と負債の網へと絡め取っていきます。,誘惑者 (Tempting Beast): 他者を堕落させ、禁忌を打ち破ることを切望します。他人に悪徳を犯させ、誓いを破らせ、偽善を暴き立てることで獣を満たします。,陽光の禍 (Sunlight Bane): 日光に対する脆弱性が他氏族より遥かに深刻です。日光に晒された際に［世代修正値］分の追加ダメージを受け、火や日光による恐怖狂乱の難易度も［世代修正値］分上昇します。,背徳 (Transgression): 衝撃的な道徳的・社会的禁忌を犯そうと暴走します。神聖な象徴を破壊し、周囲の人間に信念を破らせ、自らの最も暗い悪徳を衆人環視の中で満たそうとします。,堕落（Corruption）、隠匿（Obfuscate）、威厳（Presence）の3つの訓えを標準で習得可能です。,オブファスケイト (隠匿・隠密),周囲の知覚を幻惑して影に溶け込み、姿や音を完全に消し去り、自らの外見を別人に偽装する欺瞞と隠密の訓え。,2,虚飾の金 (Fool's Gold),2-dot Mental Obfuscate,アクション (Action),社会: 操作力 (Manipulation),1ヴィータイ (1 Vitae),なし (None),接触 (Touch),1シーン (One scene),紙切れを通行証や札束に見せかけるなど、小物の外見を偽装する。,手にした小物の外見を超自然的に偽装する（例：ただの紙屑を有効なセキュリティパスや札束のように見せかける）。,"•••: 偽装の効果が数日間にわたって持続する。
•••••: ガラクタを本物の金塊や高価な宝石のように偽装できる。",Supernaturally disguise an object (e.g. a scrap of paper appears as a valid security pass or cash).,"•••: Disguise lasts for days.
•••••: Object appears as valuable gold or jewels."
ミニストリー,The Ministry,真に自由になるためには、己自身に屈服せよ。,カルト指導者、快楽主義のアーティスト、違法薬物の元締め、過激派セラピスト、裏社会の銀行家,かつて「セトの信徒」として恐れられたミニストリーは、道徳律や法、宗教的戒律はすべて魂を束縛する鎖にすぎないと説きます。真の精神的解放を得るには、あらゆる禁忌を犯し、欲望の限界を試し、己を縛るすべての偽善を粉砕しなければならないと考えます。彼らは誘惑者であり霊的導き手として、人々が最も渇望するものを提供し、快楽と負債の網へと絡め取っていきます。,誘惑者 (Tempting Beast): 他者を堕落させ、禁忌を打ち破ることを切望します。他人に悪徳を犯させ、誓いを破らせ、偽善を暴き立てることで獣を満たします。,陽光の禍 (Sunlight Bane): 日光に対する脆弱性が他氏族より遥かに深刻です。日光に晒された際に［世代修正値］分の追加ダメージを受け、火や日光による恐怖狂乱の難易度も［世代修正値］分上昇します。,背徳 (Transgression): 衝撃的な道徳的・社会的禁忌を犯そうと暴走します。神聖な象徴を破壊し、周囲の人間に信念を破らせ、自らの最も暗い悪徳を衆人環視の中で満たそうとします。,堕落（Corruption）、隠匿（Obfuscate）、威厳（Presence）の3つの訓えを標準で習得可能です。,オブファスケイト (隠匿・隠密),周囲の知覚を幻惑して影に溶け込み、姿や音を完全に消し去り、自らの外見を別人に偽装する欺瞞と隠密の訓え。,2,幻覚の幻惑 (Mind Tricks),2-dot Mental Obfuscate,アクション (Action),精神: 機知 (Wits),意志力1点 (1 Willpower),対象の機知 (Target's Wits),視線が通る距離 (Line of sight),1シーン (One scene),幻聴や幻視を相手の頭脳に送り、注意を逸らしてパニックに陥れる。,特定の観察者の精神に直接感覚のイリュージョン（足音、物音、影の幻惑）を投影し、注意を逸らして警戒を解かせるか混乱させる。,なし,"Project sensory illusions that distract, misdirect, or panic an individual observer.",None
ミニストリー,The Ministry,真に自由になるためには、己自身に屈服せよ。,カルト指導者、快楽主義のアーティスト、違法薬物の元締め、過激派セラピスト、裏社会の銀行家,かつて「セトの信徒」として恐れられたミニストリーは、道徳律や法、宗教的戒律はすべて魂を束縛する鎖にすぎないと説きます。真の精神的解放を得るには、あらゆる禁忌を犯し、欲望の限界を試し、己を縛るすべての偽善を粉砕しなければならないと考えます。彼らは誘惑者であり霊的導き手として、人々が最も渇望するものを提供し、快楽と負債の網へと絡め取っていきます。,誘惑者 (Tempting Beast): 他者を堕落させ、禁忌を打ち破ることを切望します。他人に悪徳を犯させ、誓いを破らせ、偽善を暴き立てることで獣を満たします。,陽光の禍 (Sunlight Bane): 日光に対する脆弱性が他氏族より遥かに深刻です。日光に晒された際に［世代修正値］分の追加ダメージを受け、火や日光による恐怖狂乱の難易度も［世代修正値］分上昇します。,背徳 (Transgression): 衝撃的な道徳的・社会的禁忌を犯そうと暴走します。神聖な象徴を破壊し、周囲の人間に信念を破らせ、自らの最も暗い悪徳を衆人環視の中で満たそうとします。,堕落（Corruption）、隠匿（Obfuscate）、威厳（Presence）の3つの訓えを標準で習得可能です。,オブファスケイト (隠匿・隠密),周囲の知覚を幻惑して影に溶け込み、姿や音を完全に消し去り、自らの外見を別人に偽装する欺瞞と隠密の訓え。,3,悪夢の現実化 (Horrid Reality),3-dot Mental Obfuscate,アクション (Action),社会: 操作力 (Manipulation),2ヴィータイ (2 Vitae),対象の決意 (Target's Resolve),近距離 (Near),1シーン (One scene),炎上や怪物の襲撃などの圧倒的錯覚を与え、幻覚ダメージを負わせる。,対象に「炎に包まれて焼かれている」「怪物に引き裂かれている」という恐るべき幻覚を信じ込ませ、精神的なショックによって幻の傷とダメージを負わせる。,•••••: 幻覚が対象の肉体に本物の致死ダメージを与えるようになる。,"Make a target believe they are burning alive or being mauled by monsters, suffering phantom damage.",•••••: Illusion deals real lethal damage to the target.
ミニストリー,The Ministry,真に自由になるためには、己自身に屈服せよ。,カルト指導者、快楽主義のアーティスト、違法薬物の元締め、過激派セラピスト、裏社会の銀行家,かつて「セトの信徒」として恐れられたミニストリーは、道徳律や法、宗教的戒律はすべて魂を束縛する鎖にすぎないと説きます。真の精神的解放を得るには、あらゆる禁忌を犯し、欲望の限界を試し、己を縛るすべての偽善を粉砕しなければならないと考えます。彼らは誘惑者であり霊的導き手として、人々が最も渇望するものを提供し、快楽と負債の網へと絡め取っていきます。,誘惑者 (Tempting Beast): 他者を堕落させ、禁忌を打ち破ることを切望します。他人に悪徳を犯させ、誓いを破らせ、偽善を暴き立てることで獣を満たします。,陽光の禍 (Sunlight Bane): 日光に対する脆弱性が他氏族より遥かに深刻です。日光に晒された際に［世代修正値］分の追加ダメージを受け、火や日光による恐怖狂乱の難易度も［世代修正値］分上昇します。,背徳 (Transgression): 衝撃的な道徳的・社会的禁忌を犯そうと暴走します。神聖な象徴を破壊し、周囲の人間に信念を破らせ、自らの最も暗い悪徳を衆人環視の中で満たそうとします。,堕落（Corruption）、隠匿（Obfuscate）、威厳（Presence）の3つの訓えを標準で習得可能です。,オブファスケイト (隠匿・隠密),周囲の知覚を幻惑して影に溶け込み、姿や音を完全に消し去り、自らの外見を別人に偽装する欺瞞と隠密の訓え。,3,千の仮面 (Mask of a Thousand Faces),3-dot Mental Obfuscate,アクション (Action),社会: 操作力 (Manipulation),1ヴィータイ (1 Vitae),なし (None),術者自身 (Self),1シーン (One scene),顔、声、体格、服装の印象を変え、見知らぬ他人や特定人物に化ける。,自身の顔つき、声色、体格、服装の認識を他者の精神の中で改ざんし、目立たない見知らぬ通行人、あるいは特定の人物の外見へと偽装する。,•••••: 生体認証や網膜スキャナーなどの機械的セキュリティすらも欺く。,"Disguise your face, voice, build, and clothing to appear as an innocuous stranger or specific individual.",•••••: Disguise fools biometric and retinal scanners.
ミニストリー,The Ministry,真に自由になるためには、己自身に屈服せよ。,カルト指導者、快楽主義のアーティスト、違法薬物の元締め、過激派セラピスト、裏社会の銀行家,かつて「セトの信徒」として恐れられたミニストリーは、道徳律や法、宗教的戒律はすべて魂を束縛する鎖にすぎないと説きます。真の精神的解放を得るには、あらゆる禁忌を犯し、欲望の限界を試し、己を縛るすべての偽善を粉砕しなければならないと考えます。彼らは誘惑者であり霊的導き手として、人々が最も渇望するものを提供し、快楽と負債の網へと絡め取っていきます。,誘惑者 (Tempting Beast): 他者を堕落させ、禁忌を打ち破ることを切望します。他人に悪徳を犯させ、誓いを破らせ、偽善を暴き立てることで獣を満たします。,陽光の禍 (Sunlight Bane): 日光に対する脆弱性が他氏族より遥かに深刻です。日光に晒された際に［世代修正値］分の追加ダメージを受け、火や日光による恐怖狂乱の難易度も［世代修正値］分上昇します。,背徳 (Transgression): 衝撃的な道徳的・社会的禁忌を犯そうと暴走します。神聖な象徴を破壊し、周囲の人間に信念を破らせ、自らの最も暗い悪徳を衆人環視の中で満たそうとします。,堕落（Corruption）、隠匿（Obfuscate）、威厳（Presence）の3つの訓えを標準で習得可能です。,プレゼンス (威厳・魅了),自らのカリスマとオーラを増幅させ、周囲の者を畏怖させ、魅了し、心酔させて狂乱をも鎮める社交と感情操作の訓え。,1,畏怖のオーラ (Awe),1-dot Social Presence,アクション (Action),社会: カリスマ (Charisma),なし (None),対象の平静 (Target's Composure),近距離 (Near),1シーン (One scene),圧倒的なカリスマを放ち、周囲の者を魅了して反抗心を奪う。,強烈な超自然的オーラを放ち、周囲の視線と関心を一身に集める。目撃者は術者の魅力に心を奪われ、発言の一言一句に聞き惚れて敵対心を失う。,なし,"Radiate intense supernatural allure. Onlookers are captivated, hanging on your every word.",None
ミニストリー,The Ministry,真に自由になるためには、己自身に屈服せよ。,カルト指導者、快楽主義のアーティスト、違法薬物の元締め、過激派セラピスト、裏社会の銀行家,かつて「セトの信徒」として恐れられたミニストリーは、道徳律や法、宗教的戒律はすべて魂を束縛する鎖にすぎないと説きます。真の精神的解放を得るには、あらゆる禁忌を犯し、欲望の限界を試し、己を縛るすべての偽善を粉砕しなければならないと考えます。彼らは誘惑者であり霊的導き手として、人々が最も渇望するものを提供し、快楽と負債の網へと絡め取っていきます。,誘惑者 (Tempting Beast): 他者を堕落させ、禁忌を打ち破ることを切望します。他人に悪徳を犯させ、誓いを破らせ、偽善を暴き立てることで獣を満たします。,陽光の禍 (Sunlight Bane): 日光に対する脆弱性が他氏族より遥かに深刻です。日光に晒された際に［世代修正値］分の追加ダメージを受け、火や日光による恐怖狂乱の難易度も［世代修正値］分上昇します。,背徳 (Transgression): 衝撃的な道徳的・社会的禁忌を犯そうと暴走します。神聖な象徴を破壊し、周囲の人間に信念を破らせ、自らの最も暗い悪徳を衆人環視の中で満たそうとします。,堕落（Corruption）、隠匿（Obfuscate）、威厳（Presence）の3つの訓えを標準で習得可能です。,プレゼンス (威厳・魅了),自らのカリスマとオーラを増幅させ、周囲の者を畏怖させ、魅了し、心酔させて狂乱をも鎮める社交と感情操作の訓え。,1,威圧の眼差し (Dread Gaze),1-dot Social Presence,アクション (Action),社会: カリスマ (Charisma),なし (None),対象の平静 (Target's Composure),視線が通る距離 (Line of sight),1シーン (One scene),捕食者の威容を眼差しで示し、対象を恐怖に震え上がらせて逃走させる。,魂の奥底に潜む恐るべき怪物の本質を一瞥によって露わにし、指定した対象を盲目的な恐怖に陥れてその場から逃走させる。,"•••: 対象が恐怖のあまりその場に硬直・麻痺する。
•••••: 対象が恐怖で失神するか、心停止ショックを起こす。","Reveal the monstrous predator within your soul, sending a chosen target fleeing in blind terror.","•••: Target is paralyzed with dread.
•••••: Target faints or suffers heart attack."
ミニストリー,The Ministry,真に自由になるためには、己自身に屈服せよ。,カルト指導者、快楽主義のアーティスト、違法薬物の元締め、過激派セラピスト、裏社会の銀行家,かつて「セトの信徒」として恐れられたミニストリーは、道徳律や法、宗教的戒律はすべて魂を束縛する鎖にすぎないと説きます。真の精神的解放を得るには、あらゆる禁忌を犯し、欲望の限界を試し、己を縛るすべての偽善を粉砕しなければならないと考えます。彼らは誘惑者であり霊的導き手として、人々が最も渇望するものを提供し、快楽と負債の網へと絡め取っていきます。,誘惑者 (Tempting Beast): 他者を堕落させ、禁忌を打ち破ることを切望します。他人に悪徳を犯させ、誓いを破らせ、偽善を暴き立てることで獣を満たします。,陽光の禍 (Sunlight Bane): 日光に対する脆弱性が他氏族より遥かに深刻です。日光に晒された際に［世代修正値］分の追加ダメージを受け、火や日光による恐怖狂乱の難易度も［世代修正値］分上昇します。,背徳 (Transgression): 衝撃的な道徳的・社会的禁忌を犯そうと暴走します。神聖な象徴を破壊し、周囲の人間に信念を破らせ、自らの最も暗い悪徳を衆人環視の中で満たそうとします。,堕落（Corruption）、隠匿（Obfuscate）、威厳（Presence）の3つの訓えを標準で習得可能です。,プレゼンス (威厳・魅了),自らのカリスマとオーラを増幅させ、周囲の者を畏怖させ、魅了し、心酔させて狂乱をも鎮める社交と感情操作の訓え。,1,情動の増幅 (Impassion),1-dot Social Presence,アクション (Action),社会: カリスマ (Charisma),1ヴィータイ (1 Vitae),対象の平静 (Target's Composure),近距離 (Near),1シーン (One scene),対象の特定の感情（怒り、愛欲、悲哀、狂喜等）を強烈に煽り立てる。,対象の特定の感情（激怒、情欲、悲嘆、歓喜など）を増幅・刺激し、理性を失わせて衝動的な行動へと駆り立てる。,"•••: 単一の対象だけでなく、群衆全体に感情を波及させる。
•••••: 対象を狂信的な行動へと駆り立てる。","Amplify a specific emotion (rage, lust, grief, joy) in a target, driving them to erratic behavior.","•••: Affects crowds.
•••••: Drives target to fanatical action."
ミニストリー,The Ministry,真に自由になるためには、己自身に屈服せよ。,カルト指導者、快楽主義のアーティスト、違法薬物の元締め、過激派セラピスト、裏社会の銀行家,かつて「セトの信徒」として恐れられたミニストリーは、道徳律や法、宗教的戒律はすべて魂を束縛する鎖にすぎないと説きます。真の精神的解放を得るには、あらゆる禁忌を犯し、欲望の限界を試し、己を縛るすべての偽善を粉砕しなければならないと考えます。彼らは誘惑者であり霊的導き手として、人々が最も渇望するものを提供し、快楽と負債の網へと絡め取っていきます。,誘惑者 (Tempting Beast): 他者を堕落させ、禁忌を打ち破ることを切望します。他人に悪徳を犯させ、誓いを破らせ、偽善を暴き立てることで獣を満たします。,陽光の禍 (Sunlight Bane): 日光に対する脆弱性が他氏族より遥かに深刻です。日光に晒された際に［世代修正値］分の追加ダメージを受け、火や日光による恐怖狂乱の難易度も［世代修正値］分上昇します。,背徳 (Transgression): 衝撃的な道徳的・社会的禁忌を犯そうと暴走します。神聖な象徴を破壊し、周囲の人間に信念を破らせ、自らの最も暗い悪徳を衆人環視の中で満たそうとします。,堕落（Corruption）、隠匿（Obfuscate）、威厳（Presence）の3つの訓えを標準で習得可能です。,プレゼンス (威厳・魅了),自らのカリスマとオーラを増幅させ、周囲の者を畏怖させ、魅了し、心酔させて狂乱をも鎮める社交と感情操作の訓え。,2,魅惑の視線 (Captivating Gaze),2-dot Social Presence,アクション (Action),社会: カリスマ (Charisma),1ヴィータイ (1 Vitae),対象の決意 (Target's Resolve),アイコンタクト/目を合わせた状態 (Eye contact),集中維持中 (Sustained),強烈な見つめ合いで対象をその場に硬直させ、発言や行動を封じる。,対象と視線を交差させ、その場に釘付けにする。術者が視線を維持している限り、対象は一歩も動けず、声を発することもできない。,"•••: 簡単な手招きや身振りによって対象を誘導できる。
•••••: 対象を深い催眠トランス状態に沈め込む。","Lock eyes with a victim, freezing them in place. They cannot move or speak as long as you maintain eye contact.","•••: Target obeys simple hand gestures.
•••••: Target falls into deep trance."
ミニストリー,The Ministry,真に自由になるためには、己自身に屈服せよ。,カルト指導者、快楽主義のアーティスト、違法薬物の元締め、過激派セラピスト、裏社会の銀行家,かつて「セトの信徒」として恐れられたミニストリーは、道徳律や法、宗教的戒律はすべて魂を束縛する鎖にすぎないと説きます。真の精神的解放を得るには、あらゆる禁忌を犯し、欲望の限界を試し、己を縛るすべての偽善を粉砕しなければならないと考えます。彼らは誘惑者であり霊的導き手として、人々が最も渇望するものを提供し、快楽と負債の網へと絡め取っていきます。,誘惑者 (Tempting Beast): 他者を堕落させ、禁忌を打ち破ることを切望します。他人に悪徳を犯させ、誓いを破らせ、偽善を暴き立てることで獣を満たします。,陽光の禍 (Sunlight Bane): 日光に対する脆弱性が他氏族より遥かに深刻です。日光に晒された際に［世代修正値］分の追加ダメージを受け、火や日光による恐怖狂乱の難易度も［世代修正値］分上昇します。,背徳 (Transgression): 衝撃的な道徳的・社会的禁忌を犯そうと暴走します。神聖な象徴を破壊し、周囲の人間に信念を破らせ、自らの最も暗い悪徳を衆人環視の中で満たそうとします。,堕落（Corruption）、隠匿（Obfuscate）、威厳（Presence）の3つの訓えを標準で習得可能です。,プレゼンス (威厳・魅了),自らのカリスマとオーラを増幅させ、周囲の者を畏怖させ、魅了し、心酔させて狂乱をも鎮める社交と感情操作の訓え。,2,平穏の回復 (Compose Yourself),2-dot Social Presence,アクション (Action),社会: カリスマ (Charisma),意志力1点 (1 Willpower),なし (None),接触 (Touch),1シーン (One scene),触れた味方の恐怖や狂乱を瞬時に鎮め、冷静さを取り戻させる。,味方に手を触れることで、恐怖狂乱や激怒狂乱に陥っている対象を即座に正気に引き戻し、平穏と自制心を回復させる。,"•••: 人間に超自然的な勇気と平穏を植え付ける。
•••••: 失われた意志力（Willpower）を回復させる。","Touch an ally to immediately snap them out of terror or frenzy, restoring their calm and composure.","•••: Instills unnatural bravery in mortals.
•••••: Restores lost Willpower."
ミニストリー,The Ministry,真に自由になるためには、己自身に屈服せよ。,カルト指導者、快楽主義のアーティスト、違法薬物の元締め、過激派セラピスト、裏社会の銀行家,かつて「セトの信徒」として恐れられたミニストリーは、道徳律や法、宗教的戒律はすべて魂を束縛する鎖にすぎないと説きます。真の精神的解放を得るには、あらゆる禁忌を犯し、欲望の限界を試し、己を縛るすべての偽善を粉砕しなければならないと考えます。彼らは誘惑者であり霊的導き手として、人々が最も渇望するものを提供し、快楽と負債の網へと絡め取っていきます。,誘惑者 (Tempting Beast): 他者を堕落させ、禁忌を打ち破ることを切望します。他人に悪徳を犯させ、誓いを破らせ、偽善を暴き立てることで獣を満たします。,陽光の禍 (Sunlight Bane): 日光に対する脆弱性が他氏族より遥かに深刻です。日光に晒された際に［世代修正値］分の追加ダメージを受け、火や日光による恐怖狂乱の難易度も［世代修正値］分上昇します。,背徳 (Transgression): 衝撃的な道徳的・社会的禁忌を犯そうと暴走します。神聖な象徴を破壊し、周囲の人間に信念を破らせ、自らの最も暗い悪徳を衆人環視の中で満たそうとします。,堕落（Corruption）、隠匿（Obfuscate）、威厳（Presence）の3つの訓えを標準で習得可能です。,プレゼンス (威厳・魅了),自らのカリスマとオーラを増幅させ、周囲の者を畏怖させ、魅了し、心酔させて狂乱をも鎮める社交と感情操作の訓え。,2,残留する存在感 (Lingering Presence),2-dot Social Presence,アクション (Action),社会: 操作力 (Manipulation),1ヴィータイ (1 Vitae),なし (None),接触 (Touch),1夜 (One night),部屋や場所に畏怖や魅了のオーラを刻印し、退室後も影響を与える。,退室後も長時間にわたり、自らのカリスマや恐怖の残留オーラをその場所に残し、足を踏み入れた者に影響を与える。,なし,Leave an aura of awe or fear in a room that affects anyone who enters hours after you leave.,None
ミニストリー,The Ministry,真に自由になるためには、己自身に屈服せよ。,カルト指導者、快楽主義のアーティスト、違法薬物の元締め、過激派セラピスト、裏社会の銀行家,かつて「セトの信徒」として恐れられたミニストリーは、道徳律や法、宗教的戒律はすべて魂を束縛する鎖にすぎないと説きます。真の精神的解放を得るには、あらゆる禁忌を犯し、欲望の限界を試し、己を縛るすべての偽善を粉砕しなければならないと考えます。彼らは誘惑者であり霊的導き手として、人々が最も渇望するものを提供し、快楽と負債の網へと絡め取っていきます。,誘惑者 (Tempting Beast): 他者を堕落させ、禁忌を打ち破ることを切望します。他人に悪徳を犯させ、誓いを破らせ、偽善を暴き立てることで獣を満たします。,陽光の禍 (Sunlight Bane): 日光に対する脆弱性が他氏族より遥かに深刻です。日光に晒された際に［世代修正値］分の追加ダメージを受け、火や日光による恐怖狂乱の難易度も［世代修正値］分上昇します。,背徳 (Transgression): 衝撃的な道徳的・社会的禁忌を犯そうと暴走します。神聖な象徴を破壊し、周囲の人間に信念を破らせ、自らの最も暗い悪徳を衆人環視の中で満たそうとします。,堕落（Corruption）、隠匿（Obfuscate）、威厳（Presence）の3つの訓えを標準で習得可能です。,プレゼンス (威厳・魅了),自らのカリスマとオーラを増幅させ、周囲の者を畏怖させ、魅了し、心酔させて狂乱をも鎮める社交と感情操作の訓え。,3,心酔 (Entrancement),3-dot Social Presence,アクション (Action),社会: カリスマ (Charisma),2ヴィータイ (2 Vitae),対象の決意 (Target's Resolve),視線が通る距離 (Line of sight),1夜 (One night),対象を熱狂的な崇拝者に仕立て上げ、喜んで命令を聞き入れさせる。,対象の心を深く魅了し、術者を最も敬愛する存在として信奉させる。対象は術者からのあらゆる願いや要求を喜んで実行する。,•••••: 効果が数週間から数ヶ月間にわたって持続する。,"Enthrall a subject so deeply that they regard you as their most beloved idol, obeying requests gladly.",•••••: Lasts for weeks or months.
ミニストリー,The Ministry,真に自由になるためには、己自身に屈服せよ。,カルト指導者、快楽主義のアーティスト、違法薬物の元締め、過激派セラピスト、裏社会の銀行家,かつて「セトの信徒」として恐れられたミニストリーは、道徳律や法、宗教的戒律はすべて魂を束縛する鎖にすぎないと説きます。真の精神的解放を得るには、あらゆる禁忌を犯し、欲望の限界を試し、己を縛るすべての偽善を粉砕しなければならないと考えます。彼らは誘惑者であり霊的導き手として、人々が最も渇望するものを提供し、快楽と負債の網へと絡め取っていきます。,誘惑者 (Tempting Beast): 他者を堕落させ、禁忌を打ち破ることを切望します。他人に悪徳を犯させ、誓いを破らせ、偽善を暴き立てることで獣を満たします。,陽光の禍 (Sunlight Bane): 日光に対する脆弱性が他氏族より遥かに深刻です。日光に晒された際に［世代修正値］分の追加ダメージを受け、火や日光による恐怖狂乱の難易度も［世代修正値］分上昇します。,背徳 (Transgression): 衝撃的な道徳的・社会的禁忌を犯そうと暴走します。神聖な象徴を破壊し、周囲の人間に信念を破らせ、自らの最も暗い悪徳を衆人環視の中で満たそうとします。,堕落（Corruption）、隠匿（Obfuscate）、威厳（Presence）の3つの訓えを標準で習得可能です。,プレゼンス (威厳・魅了),自らのカリスマとオーラを増幅させ、周囲の者を畏怖させ、魅了し、心酔させて狂乱をも鎮める社交と感情操作の訓え。,3,威風堂々 (Majesty),3-dot Social Presence,アクション (Action),社会: カリスマ (Charisma),2ヴィータイ (2 Vitae),対象の決意 (Target's Resolve),近距離 (Near),1シーン (One scene),神のごとき威厳を放ち、何者も攻撃や侮辱を行えないように屈服させる。,超越的かつ恐るべき神性のオーラを身に纏う。圧倒的な畏怖を克服するテストに成功しない限り、何者も術者を攻撃したり侮辱したりすることができない。,•••••: 人間がその場にひれ伏して平伏する。,"Assume an aura of transcendent, terrible divinity. No one can attack or insult you without overcoming crushing awe.",•••••: Mortals fall prostrate on the ground.
ノスフェラトゥ,Nosferatu,真実は、己を隠せぬ者を通してのみもたらされる。,天才ハッカー、路地裏の情報屋、調査報道記者、下水道技術者、執拗なデータ収集者,抱擁によって肉体を恐ろしい異形の怪物へと変貌させられたノスフェラトゥは、あらゆる虚飾を剥ぎ取られた宿命を背負っています。美しさと公の表舞台を奪われた彼らは、地下水道や暗闇、そして情報の流れへと目を向けました。美貌は衰えても情報は不滅の力です。彼らは都市の隅々に張り巡らせた情報ネットワークと驚異的な隠密能力で、長老たちですら無視できない権力を握っています。,秘密主義 / 情報への飢え (Information Hunger): 他者の秘密、弱み、隠された真実を暴き蓄積することを渇望します。未知の通路を探索し、機密を暴き、他者の弱みを握ることで獣を満たします。,外面化する獣 / 恐るべき容貌 (Hideous Visage): 肉体が怪物のように歪み、超自然的な隠蔽なしでは人間に偽装することが不可能です。素顔を見られた状態での人間との社会的テストの難易度が［世代修正値×2］上昇します。,隠秘愛好 / 逃走 (Cryptophilia): 隠れて溜め込もうとする強迫観念が理性を上回ります。最寄りの暗闇や地下道、閉鎖空間へと逃げ込み、後を追う者を攻撃し、自らの存在を徹底的に覆い隠そうとします。,動物使役（Animalism）、隠匿（Obfuscate）、怪力（Potence）の3つの訓えを標準で習得可能です。,アニマリズム (動物使役),獣との交信、統制、召喚、および肉体に獣の力を宿す野性の訓え。動物を意のままに操り、獣の鋭利な爪牙を肉体に具現化させる。,1,獣相の獲得 (Aspect of the Beast),1-dot Physical Animalism,アクション (Action),精神: 機知 (Wits),1ヴィータイ (1 Vitae),なし (None),術者自身 (Self),1シーン (One scene),獣の特徴（鼻、目、耳、脚、尾など）を獲得し、非戦闘テストに訓えドット数分のボーナスを得る。,狼の鼻、梟の目、蝙蝠の耳、蛙の脚、猫の尾などの獣の特徴を肉体に宿し、関連する非戦闘テストにおいて［アニマリズムのドット数］に等しいダイスボーナスを得る。,"•••: 同時に2つの獣の特徴を宿すことができる。
•••••: 同時に3つの獣の特徴を宿すことができる。","Assume an animal aspect (wolf's snout, owl's eyes, bat's ears, frog's legs, cat's tail) gaining bonus equal to dots in Animalism to relevant non-conflict tests.","•••: Assume 2 animal aspects at once.
•••••: Assume 3 animal aspects at once."
ノスフェラトゥ,Nosferatu,真実は、己を隠せぬ者を通してのみもたらされる。,天才ハッカー、路地裏の情報屋、調査報道記者、下水道技術者、執拗なデータ収集者,抱擁によって肉体を恐ろしい異形の怪物へと変貌させられたノスフェラトゥは、あらゆる虚飾を剥ぎ取られた宿命を背負っています。美しさと公の表舞台を奪われた彼らは、地下水道や暗闇、そして情報の流れへと目を向けました。美貌は衰えても情報は不滅の力です。彼らは都市の隅々に張り巡らせた情報ネットワークと驚異的な隠密能力で、長老たちですら無視できない権力を握っています。,秘密主義 / 情報への飢え (Information Hunger): 他者の秘密、弱み、隠された真実を暴き蓄積することを渇望します。未知の通路を探索し、機密を暴き、他者の弱みを握ることで獣を満たします。,外面化する獣 / 恐るべき容貌 (Hideous Visage): 肉体が怪物のように歪み、超自然的な隠蔽なしでは人間に偽装することが不可能です。素顔を見られた状態での人間との社会的テストの難易度が［世代修正値×2］上昇します。,隠秘愛好 / 逃走 (Cryptophilia): 隠れて溜め込もうとする強迫観念が理性を上回ります。最寄りの暗闇や地下道、閉鎖空間へと逃げ込み、後を追う者を攻撃し、自らの存在を徹底的に覆い隠そうとします。,動物使役（Animalism）、隠匿（Obfuscate）、怪力（Potence）の3つの訓えを標準で習得可能です。,アニマリズム (動物使役),獣との交信、統制、召喚、および肉体に獣の力を宿す野性の訓え。動物を意のままに操り、獣の鋭利な爪牙を肉体に具現化させる。,1,野性の直感 (Bestial Instinct),1-dot Mental Animalism,アクション (Action),精神: 機知 (Wits),意志力1点 (1 Willpower),なし (None),術者自身 (Self),1シーン (One scene),短距離内にある吸血鬼や超自然の気配を直感的に感知する。,野性の感覚を研ぎ澄まし、短距離内にある他の吸血鬼や超自然的存在の気配を本能的に探知する。超自然を感知するための〈覚知〉および〈調査〉テストに［アニマリズムのドット数］を加える。,なし,Hone senses to instinctively detect other vampires and supernatural beings within Short distance. Add dots in Animalism to Awareness and Investigation tests to detect the supernatural.,None
ノスフェラトゥ,Nosferatu,真実は、己を隠せぬ者を通してのみもたらされる。,天才ハッカー、路地裏の情報屋、調査報道記者、下水道技術者、執拗なデータ収集者,抱擁によって肉体を恐ろしい異形の怪物へと変貌させられたノスフェラトゥは、あらゆる虚飾を剥ぎ取られた宿命を背負っています。美しさと公の表舞台を奪われた彼らは、地下水道や暗闇、そして情報の流れへと目を向けました。美貌は衰えても情報は不滅の力です。彼らは都市の隅々に張り巡らせた情報ネットワークと驚異的な隠密能力で、長老たちですら無視できない権力を握っています。,秘密主義 / 情報への飢え (Information Hunger): 他者の秘密、弱み、隠された真実を暴き蓄積することを渇望します。未知の通路を探索し、機密を暴き、他者の弱みを握ることで獣を満たします。,外面化する獣 / 恐るべき容貌 (Hideous Visage): 肉体が怪物のように歪み、超自然的な隠蔽なしでは人間に偽装することが不可能です。素顔を見られた状態での人間との社会的テストの難易度が［世代修正値×2］上昇します。,隠秘愛好 / 逃走 (Cryptophilia): 隠れて溜め込もうとする強迫観念が理性を上回ります。最寄りの暗闇や地下道、閉鎖空間へと逃げ込み、後を追う者を攻撃し、自らの存在を徹底的に覆い隠そうとします。,動物使役（Animalism）、隠匿（Obfuscate）、怪力（Potence）の3つの訓えを標準で習得可能です。,アニマリズム (動物使役),獣との交信、統制、召喚、および肉体に獣の力を宿す野性の訓え。動物を意のままに操り、獣の鋭利な爪牙を肉体に具現化させる。,1,甘き囁き (Sweet Whispers),1-dot Social Animalism,アクション (Action),社会: カリスマ (Charisma),なし (None),対象の平静 (Target's Composure),近距離 (Near),1シーン (One scene),動物と心を通わせ、簡単な命令や任務を実行させる。,動物と意思疎通を行い、簡単な命令を下して従わせる。対象の動物は術者を同盟者または群れのリーダー（アルファ）として認識する。,"•••: 同時に最大3匹の動物に命令を下すことができる。
•••••: 動物の群れやスウォーム全体に命令を下すことができる。",Communicate with and command an animal to perform a simple task. The animal views you as an ally or alpha.,"•••: Compel up to 3 animals at once.
•••••: Compel a pack or swarm."
ノスフェラトゥ,Nosferatu,真実は、己を隠せぬ者を通してのみもたらされる。,天才ハッカー、路地裏の情報屋、調査報道記者、下水道技術者、執拗なデータ収集者,抱擁によって肉体を恐ろしい異形の怪物へと変貌させられたノスフェラトゥは、あらゆる虚飾を剥ぎ取られた宿命を背負っています。美しさと公の表舞台を奪われた彼らは、地下水道や暗闇、そして情報の流れへと目を向けました。美貌は衰えても情報は不滅の力です。彼らは都市の隅々に張り巡らせた情報ネットワークと驚異的な隠密能力で、長老たちですら無視できない権力を握っています。,秘密主義 / 情報への飢え (Information Hunger): 他者の秘密、弱み、隠された真実を暴き蓄積することを渇望します。未知の通路を探索し、機密を暴き、他者の弱みを握ることで獣を満たします。,外面化する獣 / 恐るべき容貌 (Hideous Visage): 肉体が怪物のように歪み、超自然的な隠蔽なしでは人間に偽装することが不可能です。素顔を見られた状態での人間との社会的テストの難易度が［世代修正値×2］上昇します。,隠秘愛好 / 逃走 (Cryptophilia): 隠れて溜め込もうとする強迫観念が理性を上回ります。最寄りの暗闇や地下道、閉鎖空間へと逃げ込み、後を追う者を攻撃し、自らの存在を徹底的に覆い隠そうとします。,動物使役（Animalism）、隠匿（Obfuscate）、怪力（Potence）の3つの訓えを標準で習得可能です。,アニマリズム (動物使役),獣との交信、統制、召喚、および肉体に獣の力を宿す野性の訓え。動物を意のままに操り、獣の鋭利な爪牙を肉体に具現化させる。,2,動物の伝令 (Animal Messenger),2-dot Social Animalism,アクション (Action),社会: 操作力 (Manipulation),1ヴィータイ (1 Vitae),なし (None),近距離 (Near),伝令完了まで (Until delivered),動物にメッセージを託し、指定した相手へ届けさせる。,動物に口頭のメッセージまたは精神的イメージを吹き込み、都市内の指定された受取人のもとへと届けるよう送り出す。,"•••: 都市間や広大な荒野を越えてメッセージを届けることができる。
•••••: メッセージ到達時に動物の視覚を通じて周囲の状況を確認できる。",Imbue an animal with a spoken message or mental image and send it to a designated recipient within the city.,"•••: The animal can travel across cities or wilderness.
•••••: You can view through the animal's eyes upon delivery."
ノスフェラトゥ,Nosferatu,真実は、己を隠せぬ者を通してのみもたらされる。,天才ハッカー、路地裏の情報屋、調査報道記者、下水道技術者、執拗なデータ収集者,抱擁によって肉体を恐ろしい異形の怪物へと変貌させられたノスフェラトゥは、あらゆる虚飾を剥ぎ取られた宿命を背負っています。美しさと公の表舞台を奪われた彼らは、地下水道や暗闇、そして情報の流れへと目を向けました。美貌は衰えても情報は不滅の力です。彼らは都市の隅々に張り巡らせた情報ネットワークと驚異的な隠密能力で、長老たちですら無視できない権力を握っています。,秘密主義 / 情報への飢え (Information Hunger): 他者の秘密、弱み、隠された真実を暴き蓄積することを渇望します。未知の通路を探索し、機密を暴き、他者の弱みを握ることで獣を満たします。,外面化する獣 / 恐るべき容貌 (Hideous Visage): 肉体が怪物のように歪み、超自然的な隠蔽なしでは人間に偽装することが不可能です。素顔を見られた状態での人間との社会的テストの難易度が［世代修正値×2］上昇します。,隠秘愛好 / 逃走 (Cryptophilia): 隠れて溜め込もうとする強迫観念が理性を上回ります。最寄りの暗闇や地下道、閉鎖空間へと逃げ込み、後を追う者を攻撃し、自らの存在を徹底的に覆い隠そうとします。,動物使役（Animalism）、隠匿（Obfuscate）、怪力（Potence）の3つの訓えを標準で習得可能です。,アニマリズム (動物使役),獣との交信、統制、召喚、および肉体に獣の力を宿す野性の訓え。動物を意のままに操り、獣の鋭利な爪牙を肉体に具現化させる。,2,野性の呼び声 (Call of the Wild),2-dot Social Animalism,アクション (Action),社会: カリスマ (Charisma),1ヴィータイ (1 Vitae),なし (None),中距離 (Medium),1シーン (One scene),特定の種類の動物を咆哮で呼び集める。,超自然的な遠吠えや呼び声を放ち、付近にいる特定の種族の動物（犬、ネズミ、鳥など）を術者の居場所へと一斉に集結させる。,"•••: 通常の半分の時間で動物たちが集結する。
•••••: 都市の1つの区画（ディストリクト）全体の動物を呼び集める。","Let out a supernatural howl or call that summons all nearby animals of a specific species (dogs, rats, birds) to your location.","•••: Animals arrive in half the time.
•••••: Summons all animals within an entire city district."
ノスフェラトゥ,Nosferatu,真実は、己を隠せぬ者を通してのみもたらされる。,天才ハッカー、路地裏の情報屋、調査報道記者、下水道技術者、執拗なデータ収集者,抱擁によって肉体を恐ろしい異形の怪物へと変貌させられたノスフェラトゥは、あらゆる虚飾を剥ぎ取られた宿命を背負っています。美しさと公の表舞台を奪われた彼らは、地下水道や暗闇、そして情報の流れへと目を向けました。美貌は衰えても情報は不滅の力です。彼らは都市の隅々に張り巡らせた情報ネットワークと驚異的な隠密能力で、長老たちですら無視できない権力を握っています。,秘密主義 / 情報への飢え (Information Hunger): 他者の秘密、弱み、隠された真実を暴き蓄積することを渇望します。未知の通路を探索し、機密を暴き、他者の弱みを握ることで獣を満たします。,外面化する獣 / 恐るべき容貌 (Hideous Visage): 肉体が怪物のように歪み、超自然的な隠蔽なしでは人間に偽装することが不可能です。素顔を見られた状態での人間との社会的テストの難易度が［世代修正値×2］上昇します。,隠秘愛好 / 逃走 (Cryptophilia): 隠れて溜め込もうとする強迫観念が理性を上回ります。最寄りの暗闇や地下道、閉鎖空間へと逃げ込み、後を追う者を攻撃し、自らの存在を徹底的に覆い隠そうとします。,動物使役（Animalism）、隠匿（Obfuscate）、怪力（Potence）の3つの訓えを標準で習得可能です。,アニマリズム (動物使役),獣との交信、統制、召喚、および肉体に獣の力を宿す野性の訓え。動物を意のままに操り、獣の鋭利な爪牙を肉体に具現化させる。,2,野性の爪 (Feral Claws),2-dot Physical Animalism,アクション (Action),肉体: 筋力 (Strength),1ヴィータイ (1 Vitae),なし (None),術者自身 (Self),1シーン (One scene),爪や牙を鋭利に伸ばし、素手攻撃で破滅的ダメージを与える。,手足の爪や牙が鋭利かつ凶悪な獣の鉤爪へと伸長する。素手による〈格闘〉攻撃が、人間および吸血鬼に対して破滅的（Aggravated）ダメージを与えるようになる。,"•••: 爪攻撃に装甲貫通（アーマーピアッシング）特性が付与される。
•••••: 爪攻撃を受けた傷口に出血が継続する追加効果が付与される。","Your nails or fangs lengthen into vicious, razor-sharp claws. Your unarmed brawl attacks deal Aggravated damage to mortals and Kindred.","•••: Claws gain armor-piercing quality.
•••••: Claws cause lingering bleed damage."
ノスフェラトゥ,Nosferatu,真実は、己を隠せぬ者を通してのみもたらされる。,天才ハッカー、路地裏の情報屋、調査報道記者、下水道技術者、執拗なデータ収集者,抱擁によって肉体を恐ろしい異形の怪物へと変貌させられたノスフェラトゥは、あらゆる虚飾を剥ぎ取られた宿命を背負っています。美しさと公の表舞台を奪われた彼らは、地下水道や暗闇、そして情報の流れへと目を向けました。美貌は衰えても情報は不滅の力です。彼らは都市の隅々に張り巡らせた情報ネットワークと驚異的な隠密能力で、長老たちですら無視できない権力を握っています。,秘密主義 / 情報への飢え (Information Hunger): 他者の秘密、弱み、隠された真実を暴き蓄積することを渇望します。未知の通路を探索し、機密を暴き、他者の弱みを握ることで獣を満たします。,外面化する獣 / 恐るべき容貌 (Hideous Visage): 肉体が怪物のように歪み、超自然的な隠蔽なしでは人間に偽装することが不可能です。素顔を見られた状態での人間との社会的テストの難易度が［世代修正値×2］上昇します。,隠秘愛好 / 逃走 (Cryptophilia): 隠れて溜め込もうとする強迫観念が理性を上回ります。最寄りの暗闇や地下道、閉鎖空間へと逃げ込み、後を追う者を攻撃し、自らの存在を徹底的に覆い隠そうとします。,動物使役（Animalism）、隠匿（Obfuscate）、怪力（Potence）の3つの訓えを標準で習得可能です。,アニマリズム (動物使役),獣との交信、統制、召喚、および肉体に獣の力を宿す野性の訓え。動物を意のままに操り、獣の鋭利な爪牙を肉体に具現化させる。,3,獣化 (Beast Shape),3-dot Physical Animalism,アクション (Action),肉体: 持久力 (Stamina),2ヴィータイ (2 Vitae),なし (None),術者自身 (Self),1シーン (One scene),肉体を自身と同等質量の動物へと完全に変身させる。,自身の肉体を、質量が同等程度の動物（狼、大型犬、ピューマ、大フクロウなど）へと完全に変化させる。その動物の身体的特徴や感覚を獲得する。,•••••: 小型動物（コウモリ、ネズミ）や大型の猛獣（熊など）にも変身可能となる。,"Transform your body completely into an animal roughly equivalent in mass (wolf, large dog, panther, great owl). Gain animal's physical traits.","•••••: Can transform into small animals (bat, rat) or huge beasts (bear)."
ノスフェラトゥ,Nosferatu,真実は、己を隠せぬ者を通してのみもたらされる。,天才ハッカー、路地裏の情報屋、調査報道記者、下水道技術者、執拗なデータ収集者,抱擁によって肉体を恐ろしい異形の怪物へと変貌させられたノスフェラトゥは、あらゆる虚飾を剥ぎ取られた宿命を背負っています。美しさと公の表舞台を奪われた彼らは、地下水道や暗闇、そして情報の流れへと目を向けました。美貌は衰えても情報は不滅の力です。彼らは都市の隅々に張り巡らせた情報ネットワークと驚異的な隠密能力で、長老たちですら無視できない権力を握っています。,秘密主義 / 情報への飢え (Information Hunger): 他者の秘密、弱み、隠された真実を暴き蓄積することを渇望します。未知の通路を探索し、機密を暴き、他者の弱みを握ることで獣を満たします。,外面化する獣 / 恐るべき容貌 (Hideous Visage): 肉体が怪物のように歪み、超自然的な隠蔽なしでは人間に偽装することが不可能です。素顔を見られた状態での人間との社会的テストの難易度が［世代修正値×2］上昇します。,隠秘愛好 / 逃走 (Cryptophilia): 隠れて溜め込もうとする強迫観念が理性を上回ります。最寄りの暗闇や地下道、閉鎖空間へと逃げ込み、後を追う者を攻撃し、自らの存在を徹底的に覆い隠そうとします。,動物使役（Animalism）、隠匿（Obfuscate）、怪力（Potence）の3つの訓えを標準で習得可能です。,アニマリズム (動物使役),獣との交信、統制、召喚、および肉体に獣の力を宿す野性の訓え。動物を意のままに操り、獣の鋭利な爪牙を肉体に具現化させる。,3,獣の大群 (Plague of Beasts),3-dot Social Animalism,アクション (Action),社会: 操作力 (Manipulation),1ヴィータイ (1 Vitae),対象の平静 (Target's Composure),中距離 (Medium),1シーン (One scene),小動物の大群を指揮し、標的を執拗に襲撃・妨害させる。,ネズミ、昆虫、ハトなどの小動物の群れを操り、指定した対象に執拗に群がらせ、視界を塞ぎ、噛みつかせ、行動に厳しいダイスペナルティを課す。,•••••: 群れが毎ターン対象に致死ダメージを与えるようになる。,"Command swarms of small beasts (rats, insects, pigeons) to relentlessly harass, blind, and bite a designated target, imposing severe dice penalties.",•••••: Swarm deals lethal damage each turn.
ノスフェラトゥ,Nosferatu,真実は、己を隠せぬ者を通してのみもたらされる。,天才ハッカー、路地裏の情報屋、調査報道記者、下水道技術者、執拗なデータ収集者,抱擁によって肉体を恐ろしい異形の怪物へと変貌させられたノスフェラトゥは、あらゆる虚飾を剥ぎ取られた宿命を背負っています。美しさと公の表舞台を奪われた彼らは、地下水道や暗闇、そして情報の流れへと目を向けました。美貌は衰えても情報は不滅の力です。彼らは都市の隅々に張り巡らせた情報ネットワークと驚異的な隠密能力で、長老たちですら無視できない権力を握っています。,秘密主義 / 情報への飢え (Information Hunger): 他者の秘密、弱み、隠された真実を暴き蓄積することを渇望します。未知の通路を探索し、機密を暴き、他者の弱みを握ることで獣を満たします。,外面化する獣 / 恐るべき容貌 (Hideous Visage): 肉体が怪物のように歪み、超自然的な隠蔽なしでは人間に偽装することが不可能です。素顔を見られた状態での人間との社会的テストの難易度が［世代修正値×2］上昇します。,隠秘愛好 / 逃走 (Cryptophilia): 隠れて溜め込もうとする強迫観念が理性を上回ります。最寄りの暗闇や地下道、閉鎖空間へと逃げ込み、後を追う者を攻撃し、自らの存在を徹底的に覆い隠そうとします。,動物使役（Animalism）、隠匿（Obfuscate）、怪力（Potence）の3つの訓えを標準で習得可能です。,オブファスケイト (隠匿・隠密),周囲の知覚を幻惑して影に溶け込み、姿や音を完全に消し去り、自らの外見を別人に偽装する欺瞞と隠密の訓え。,1,影の外套 (Cloak of Shadows),1-dot Mental Obfuscate,アクション (Action),精神: 機知 (Wits),なし (None),なし (None),術者自身 (Self),移動するまで持続 (Until moved),静止している限り影に完全に同化し、視界から消失する。,周囲の影や薄暗がりに溶け込む。音を立てず静止している限り、観察者は術者の姿を視覚的に認識することができない。,"•••: 姿を隠したままゆっくりと隠密移動できるようになる。
•••••: 同行者2人を同時に影に潜ませて隠匿できる。","Blend seamlessly into shadows. So long as you do not move or make noise, observers cannot see you.","•••: Can move slowly while concealed.
•••••: Can conceal 2 companions."
ノスフェラトゥ,Nosferatu,真実は、己を隠せぬ者を通してのみもたらされる。,天才ハッカー、路地裏の情報屋、調査報道記者、下水道技術者、執拗なデータ収集者,抱擁によって肉体を恐ろしい異形の怪物へと変貌させられたノスフェラトゥは、あらゆる虚飾を剥ぎ取られた宿命を背負っています。美しさと公の表舞台を奪われた彼らは、地下水道や暗闇、そして情報の流れへと目を向けました。美貌は衰えても情報は不滅の力です。彼らは都市の隅々に張り巡らせた情報ネットワークと驚異的な隠密能力で、長老たちですら無視できない権力を握っています。,秘密主義 / 情報への飢え (Information Hunger): 他者の秘密、弱み、隠された真実を暴き蓄積することを渇望します。未知の通路を探索し、機密を暴き、他者の弱みを握ることで獣を満たします。,外面化する獣 / 恐るべき容貌 (Hideous Visage): 肉体が怪物のように歪み、超自然的な隠蔽なしでは人間に偽装することが不可能です。素顔を見られた状態での人間との社会的テストの難易度が［世代修正値×2］上昇します。,隠秘愛好 / 逃走 (Cryptophilia): 隠れて溜め込もうとする強迫観念が理性を上回ります。最寄りの暗闇や地下道、閉鎖空間へと逃げ込み、後を追う者を攻撃し、自らの存在を徹底的に覆い隠そうとします。,動物使役（Animalism）、隠匿（Obfuscate）、怪力（Potence）の3つの訓えを標準で習得可能です。,オブファスケイト (隠匿・隠密),周囲の知覚を幻惑して影に溶け込み、姿や音を完全に消し去り、自らの外見を別人に偽装する欺瞞と隠密の訓え。,1,物体の隠蔽 (Conceal),1-dot Mental Obfuscate,アクション (Action),精神: 機知 (Wits),なし (None),なし (None),接触 (Touch),1シーン (One scene),武器や鞄、乗り物などの物体を人々の視覚から隠蔽する。,指定した物体（武器、バッグ、車両など）に隠蔽の膜を張り、周囲の人間や吸血鬼がその存在に気づかずに見過ごすように仕向ける。,なし,"Cloak an object (weapon, bag, vehicle) so that onlookers look right past it without noticing.",None
ノスフェラトゥ,Nosferatu,真実は、己を隠せぬ者を通してのみもたらされる。,天才ハッカー、路地裏の情報屋、調査報道記者、下水道技術者、執拗なデータ収集者,抱擁によって肉体を恐ろしい異形の怪物へと変貌させられたノスフェラトゥは、あらゆる虚飾を剥ぎ取られた宿命を背負っています。美しさと公の表舞台を奪われた彼らは、地下水道や暗闇、そして情報の流れへと目を向けました。美貌は衰えても情報は不滅の力です。彼らは都市の隅々に張り巡らせた情報ネットワークと驚異的な隠密能力で、長老たちですら無視できない権力を握っています。,秘密主義 / 情報への飢え (Information Hunger): 他者の秘密、弱み、隠された真実を暴き蓄積することを渇望します。未知の通路を探索し、機密を暴き、他者の弱みを握ることで獣を満たします。,外面化する獣 / 恐るべき容貌 (Hideous Visage): 肉体が怪物のように歪み、超自然的な隠蔽なしでは人間に偽装することが不可能です。素顔を見られた状態での人間との社会的テストの難易度が［世代修正値×2］上昇します。,隠秘愛好 / 逃走 (Cryptophilia): 隠れて溜め込もうとする強迫観念が理性を上回ります。最寄りの暗闇や地下道、閉鎖空間へと逃げ込み、後を追う者を攻撃し、自らの存在を徹底的に覆い隠そうとします。,動物使役（Animalism）、隠匿（Obfuscate）、怪力（Potence）の3つの訓えを標準で習得可能です。,オブファスケイト (隠匿・隠密),周囲の知覚を幻惑して影に溶け込み、姿や音を完全に消し去り、自らの外見を別人に偽装する欺瞞と隠密の訓え。,1,死の静寂 (Silence of Death),1-dot Mental Obfuscate,アクション (Action),肉体: 敏捷力 (Dexterity),なし (None),なし (None),術者自身 (Self),1シーン (One scene),足音、衣服の擦れる音、銃撃音に至るまで全動作の音を消し去る。,自身のあらゆる動作から発せられる音を完全に消去する。足音、衣服の擦れ、呼吸音、さらには手にした銃の銃撃音すら完全な無音となる。,"•••: 部屋全体の音響を吸収し、完全な静寂を作り出す。
•••••: 音の一切が存在しない絶対的な真空の静寂域を展開する。","Completely silence your footsteps, breathing, rustling clothes, and gunshots fired from your hands.","•••: Muffles sounds in an entire room.
•••••: Absolute vacuum of sound."
ノスフェラトゥ,Nosferatu,真実は、己を隠せぬ者を通してのみもたらされる。,天才ハッカー、路地裏の情報屋、調査報道記者、下水道技術者、執拗なデータ収集者,抱擁によって肉体を恐ろしい異形の怪物へと変貌させられたノスフェラトゥは、あらゆる虚飾を剥ぎ取られた宿命を背負っています。美しさと公の表舞台を奪われた彼らは、地下水道や暗闇、そして情報の流れへと目を向けました。美貌は衰えても情報は不滅の力です。彼らは都市の隅々に張り巡らせた情報ネットワークと驚異的な隠密能力で、長老たちですら無視できない権力を握っています。,秘密主義 / 情報への飢え (Information Hunger): 他者の秘密、弱み、隠された真実を暴き蓄積することを渇望します。未知の通路を探索し、機密を暴き、他者の弱みを握ることで獣を満たします。,外面化する獣 / 恐るべき容貌 (Hideous Visage): 肉体が怪物のように歪み、超自然的な隠蔽なしでは人間に偽装することが不可能です。素顔を見られた状態での人間との社会的テストの難易度が［世代修正値×2］上昇します。,隠秘愛好 / 逃走 (Cryptophilia): 隠れて溜め込もうとする強迫観念が理性を上回ります。最寄りの暗闇や地下道、閉鎖空間へと逃げ込み、後を追う者を攻撃し、自らの存在を徹底的に覆い隠そうとします。,動物使役（Animalism）、隠匿（Obfuscate）、怪力（Potence）の3つの訓えを標準で習得可能です。,オブファスケイト (隠匿・隠密),周囲の知覚を幻惑して影に溶け込み、姿や音を完全に消し去り、自らの外見を別人に偽装する欺瞞と隠密の訓え。,2,二重言語 (Double Talk),2-dot Social Obfuscate,アクション (Action),社会: 操作力 (Manipulation),なし (None),なし (None),近距離 (Near),1回の会話中 (One conversation),日常会話を交わしながら、特定人物にのみ秘密の暗号を伝える。,周囲には他愛のない世間話をしているように聞かせながら、指定した特定の聞き手に対してのみ、全く異なる秘密のメッセージを伝達する。,なし,"Converse normally while transmitting completely different, secret messages to designated listeners.",None
ノスフェラトゥ,Nosferatu,真実は、己を隠せぬ者を通してのみもたらされる。,天才ハッカー、路地裏の情報屋、調査報道記者、下水道技術者、執拗なデータ収集者,抱擁によって肉体を恐ろしい異形の怪物へと変貌させられたノスフェラトゥは、あらゆる虚飾を剥ぎ取られた宿命を背負っています。美しさと公の表舞台を奪われた彼らは、地下水道や暗闇、そして情報の流れへと目を向けました。美貌は衰えても情報は不滅の力です。彼らは都市の隅々に張り巡らせた情報ネットワークと驚異的な隠密能力で、長老たちですら無視できない権力を握っています。,秘密主義 / 情報への飢え (Information Hunger): 他者の秘密、弱み、隠された真実を暴き蓄積することを渇望します。未知の通路を探索し、機密を暴き、他者の弱みを握ることで獣を満たします。,外面化する獣 / 恐るべき容貌 (Hideous Visage): 肉体が怪物のように歪み、超自然的な隠蔽なしでは人間に偽装することが不可能です。素顔を見られた状態での人間との社会的テストの難易度が［世代修正値×2］上昇します。,隠秘愛好 / 逃走 (Cryptophilia): 隠れて溜め込もうとする強迫観念が理性を上回ります。最寄りの暗闇や地下道、閉鎖空間へと逃げ込み、後を追う者を攻撃し、自らの存在を徹底的に覆い隠そうとします。,動物使役（Animalism）、隠匿（Obfuscate）、怪力（Potence）の3つの訓えを標準で習得可能です。,オブファスケイト (隠匿・隠密),周囲の知覚を幻惑して影に溶け込み、姿や音を完全に消し去り、自らの外見を別人に偽装する欺瞞と隠密の訓え。,2,虚飾の金 (Fool's Gold),2-dot Mental Obfuscate,アクション (Action),社会: 操作力 (Manipulation),1ヴィータイ (1 Vitae),なし (None),接触 (Touch),1シーン (One scene),紙切れを通行証や札束に見せかけるなど、小物の外見を偽装する。,手にした小物の外見を超自然的に偽装する（例：ただの紙屑を有効なセキュリティパスや札束のように見せかける）。,"•••: 偽装の効果が数日間にわたって持続する。
•••••: ガラクタを本物の金塊や高価な宝石のように偽装できる。",Supernaturally disguise an object (e.g. a scrap of paper appears as a valid security pass or cash).,"•••: Disguise lasts for days.
•••••: Object appears as valuable gold or jewels."
ノスフェラトゥ,Nosferatu,真実は、己を隠せぬ者を通してのみもたらされる。,天才ハッカー、路地裏の情報屋、調査報道記者、下水道技術者、執拗なデータ収集者,抱擁によって肉体を恐ろしい異形の怪物へと変貌させられたノスフェラトゥは、あらゆる虚飾を剥ぎ取られた宿命を背負っています。美しさと公の表舞台を奪われた彼らは、地下水道や暗闇、そして情報の流れへと目を向けました。美貌は衰えても情報は不滅の力です。彼らは都市の隅々に張り巡らせた情報ネットワークと驚異的な隠密能力で、長老たちですら無視できない権力を握っています。,秘密主義 / 情報への飢え (Information Hunger): 他者の秘密、弱み、隠された真実を暴き蓄積することを渇望します。未知の通路を探索し、機密を暴き、他者の弱みを握ることで獣を満たします。,外面化する獣 / 恐るべき容貌 (Hideous Visage): 肉体が怪物のように歪み、超自然的な隠蔽なしでは人間に偽装することが不可能です。素顔を見られた状態での人間との社会的テストの難易度が［世代修正値×2］上昇します。,隠秘愛好 / 逃走 (Cryptophilia): 隠れて溜め込もうとする強迫観念が理性を上回ります。最寄りの暗闇や地下道、閉鎖空間へと逃げ込み、後を追う者を攻撃し、自らの存在を徹底的に覆い隠そうとします。,動物使役（Animalism）、隠匿（Obfuscate）、怪力（Potence）の3つの訓えを標準で習得可能です。,オブファスケイト (隠匿・隠密),周囲の知覚を幻惑して影に溶け込み、姿や音を完全に消し去り、自らの外見を別人に偽装する欺瞞と隠密の訓え。,2,幻覚の幻惑 (Mind Tricks),2-dot Mental Obfuscate,アクション (Action),精神: 機知 (Wits),意志力1点 (1 Willpower),対象の機知 (Target's Wits),視線が通る距離 (Line of sight),1シーン (One scene),幻聴や幻視を相手の頭脳に送り、注意を逸らしてパニックに陥れる。,特定の観察者の精神に直接感覚のイリュージョン（足音、物音、影の幻惑）を投影し、注意を逸らして警戒を解かせるか混乱させる。,なし,"Project sensory illusions that distract, misdirect, or panic an individual observer.",None
ノスフェラトゥ,Nosferatu,真実は、己を隠せぬ者を通してのみもたらされる。,天才ハッカー、路地裏の情報屋、調査報道記者、下水道技術者、執拗なデータ収集者,抱擁によって肉体を恐ろしい異形の怪物へと変貌させられたノスフェラトゥは、あらゆる虚飾を剥ぎ取られた宿命を背負っています。美しさと公の表舞台を奪われた彼らは、地下水道や暗闇、そして情報の流れへと目を向けました。美貌は衰えても情報は不滅の力です。彼らは都市の隅々に張り巡らせた情報ネットワークと驚異的な隠密能力で、長老たちですら無視できない権力を握っています。,秘密主義 / 情報への飢え (Information Hunger): 他者の秘密、弱み、隠された真実を暴き蓄積することを渇望します。未知の通路を探索し、機密を暴き、他者の弱みを握ることで獣を満たします。,外面化する獣 / 恐るべき容貌 (Hideous Visage): 肉体が怪物のように歪み、超自然的な隠蔽なしでは人間に偽装することが不可能です。素顔を見られた状態での人間との社会的テストの難易度が［世代修正値×2］上昇します。,隠秘愛好 / 逃走 (Cryptophilia): 隠れて溜め込もうとする強迫観念が理性を上回ります。最寄りの暗闇や地下道、閉鎖空間へと逃げ込み、後を追う者を攻撃し、自らの存在を徹底的に覆い隠そうとします。,動物使役（Animalism）、隠匿（Obfuscate）、怪力（Potence）の3つの訓えを標準で習得可能です。,オブファスケイト (隠匿・隠密),周囲の知覚を幻惑して影に溶け込み、姿や音を完全に消し去り、自らの外見を別人に偽装する欺瞞と隠密の訓え。,3,悪夢の現実化 (Horrid Reality),3-dot Mental Obfuscate,アクション (Action),社会: 操作力 (Manipulation),2ヴィータイ (2 Vitae),対象の決意 (Target's Resolve),近距離 (Near),1シーン (One scene),炎上や怪物の襲撃などの圧倒的錯覚を与え、幻覚ダメージを負わせる。,対象に「炎に包まれて焼かれている」「怪物に引き裂かれている」という恐るべき幻覚を信じ込ませ、精神的なショックによって幻の傷とダメージを負わせる。,•••••: 幻覚が対象の肉体に本物の致死ダメージを与えるようになる。,"Make a target believe they are burning alive or being mauled by monsters, suffering phantom damage.",•••••: Illusion deals real lethal damage to the target.
ノスフェラトゥ,Nosferatu,真実は、己を隠せぬ者を通してのみもたらされる。,天才ハッカー、路地裏の情報屋、調査報道記者、下水道技術者、執拗なデータ収集者,抱擁によって肉体を恐ろしい異形の怪物へと変貌させられたノスフェラトゥは、あらゆる虚飾を剥ぎ取られた宿命を背負っています。美しさと公の表舞台を奪われた彼らは、地下水道や暗闇、そして情報の流れへと目を向けました。美貌は衰えても情報は不滅の力です。彼らは都市の隅々に張り巡らせた情報ネットワークと驚異的な隠密能力で、長老たちですら無視できない権力を握っています。,秘密主義 / 情報への飢え (Information Hunger): 他者の秘密、弱み、隠された真実を暴き蓄積することを渇望します。未知の通路を探索し、機密を暴き、他者の弱みを握ることで獣を満たします。,外面化する獣 / 恐るべき容貌 (Hideous Visage): 肉体が怪物のように歪み、超自然的な隠蔽なしでは人間に偽装することが不可能です。素顔を見られた状態での人間との社会的テストの難易度が［世代修正値×2］上昇します。,隠秘愛好 / 逃走 (Cryptophilia): 隠れて溜め込もうとする強迫観念が理性を上回ります。最寄りの暗闇や地下道、閉鎖空間へと逃げ込み、後を追う者を攻撃し、自らの存在を徹底的に覆い隠そうとします。,動物使役（Animalism）、隠匿（Obfuscate）、怪力（Potence）の3つの訓えを標準で習得可能です。,オブファスケイト (隠匿・隠密),周囲の知覚を幻惑して影に溶け込み、姿や音を完全に消し去り、自らの外見を別人に偽装する欺瞞と隠密の訓え。,3,千の仮面 (Mask of a Thousand Faces),3-dot Mental Obfuscate,アクション (Action),社会: 操作力 (Manipulation),1ヴィータイ (1 Vitae),なし (None),術者自身 (Self),1シーン (One scene),顔、声、体格、服装の印象を変え、見知らぬ他人や特定人物に化ける。,自身の顔つき、声色、体格、服装の認識を他者の精神の中で改ざんし、目立たない見知らぬ通行人、あるいは特定の人物の外見へと偽装する。,•••••: 生体認証や網膜スキャナーなどの機械的セキュリティすらも欺く。,"Disguise your face, voice, build, and clothing to appear as an innocuous stranger or specific individual.",•••••: Disguise fools biometric and retinal scanners.
ノスフェラトゥ,Nosferatu,真実は、己を隠せぬ者を通してのみもたらされる。,天才ハッカー、路地裏の情報屋、調査報道記者、下水道技術者、執拗なデータ収集者,抱擁によって肉体を恐ろしい異形の怪物へと変貌させられたノスフェラトゥは、あらゆる虚飾を剥ぎ取られた宿命を背負っています。美しさと公の表舞台を奪われた彼らは、地下水道や暗闇、そして情報の流れへと目を向けました。美貌は衰えても情報は不滅の力です。彼らは都市の隅々に張り巡らせた情報ネットワークと驚異的な隠密能力で、長老たちですら無視できない権力を握っています。,秘密主義 / 情報への飢え (Information Hunger): 他者の秘密、弱み、隠された真実を暴き蓄積することを渇望します。未知の通路を探索し、機密を暴き、他者の弱みを握ることで獣を満たします。,外面化する獣 / 恐るべき容貌 (Hideous Visage): 肉体が怪物のように歪み、超自然的な隠蔽なしでは人間に偽装することが不可能です。素顔を見られた状態での人間との社会的テストの難易度が［世代修正値×2］上昇します。,隠秘愛好 / 逃走 (Cryptophilia): 隠れて溜め込もうとする強迫観念が理性を上回ります。最寄りの暗闇や地下道、閉鎖空間へと逃げ込み、後を追う者を攻撃し、自らの存在を徹底的に覆い隠そうとします。,動物使役（Animalism）、隠匿（Obfuscate）、怪力（Potence）の3つの訓えを標準で習得可能です。,ポウテンス (怪力・剛力),物理法則を無視した超人的筋力を発揮し、あらゆる障害物を粉砕し、垂直の壁を登り、壊滅的な打撃を叩き込む剛力の訓え。,1,猛進撃 (Bull Rush),1-dot Physical Potence,アクション (Action),肉体: 筋力 (Strength),1ヴィータイ (1 Vitae),なし (None),術者自身 (Self),即時 (Instant),圧倒的な力で突進し、進路上の敵を吹き飛ばして床に叩きつける。,超自然的な推進力で前方へ猛突進し、接触した敵を後方へと吹き飛ばして床に叩きつける。,"•••: レンガやコンクリートの壁を突き破って突進できる。
•••••: 走行中の車両をも体当たりで横転・吹き飛ばす。","Charge forward with supernatural force, sending opponents flying backward and crashing to the floor.","•••: Smashes through brick walls.
•••••: Knocks down vehicles."
ノスフェラトゥ,Nosferatu,真実は、己を隠せぬ者を通してのみもたらされる。,天才ハッカー、路地裏の情報屋、調査報道記者、下水道技術者、執拗なデータ収集者,抱擁によって肉体を恐ろしい異形の怪物へと変貌させられたノスフェラトゥは、あらゆる虚飾を剥ぎ取られた宿命を背負っています。美しさと公の表舞台を奪われた彼らは、地下水道や暗闇、そして情報の流れへと目を向けました。美貌は衰えても情報は不滅の力です。彼らは都市の隅々に張り巡らせた情報ネットワークと驚異的な隠密能力で、長老たちですら無視できない権力を握っています。,秘密主義 / 情報への飢え (Information Hunger): 他者の秘密、弱み、隠された真実を暴き蓄積することを渇望します。未知の通路を探索し、機密を暴き、他者の弱みを握ることで獣を満たします。,外面化する獣 / 恐るべき容貌 (Hideous Visage): 肉体が怪物のように歪み、超自然的な隠蔽なしでは人間に偽装することが不可能です。素顔を見られた状態での人間との社会的テストの難易度が［世代修正値×2］上昇します。,隠秘愛好 / 逃走 (Cryptophilia): 隠れて溜め込もうとする強迫観念が理性を上回ります。最寄りの暗闇や地下道、閉鎖空間へと逃げ込み、後を追う者を攻撃し、自らの存在を徹底的に覆い隠そうとします。,動物使役（Animalism）、隠匿（Obfuscate）、怪力（Potence）の3つの訓えを標準で習得可能です。,ポウテンス (怪力・剛力),物理法則を無視した超人的筋力を発揮し、あらゆる障害物を粉砕し、垂直の壁を登り、壊滅的な打撃を叩き込む剛力の訓え。,1,怪力の爪痕 (Imprint),1-dot Physical Potence,アクション (Action),肉体: 筋力 (Strength),なし (None),なし (None),術者自身 (Self),1シーン (One scene),指先を石や鋼鉄に食い込ませ、壁や天井を蜘蛛のように登攀する。,指先や足先を超人的な力で石材、レンガ、鋼鉄に食い込ませて足場を作り、垂直の壁面を蜘蛛のように登り降りする。,"•••: 天井に逆さにぶら下がりながら移動できるようになる。
•••••: コンクリートの塊を素手で引き剥がして投擲武器として使用できる。","Dig fingers and boots into stone, brick, or steel, climbing sheer walls like a spider.","•••: Climb upside down across ceilings.
•••••: Tear off chunks of concrete to throw."
ノスフェラトゥ,Nosferatu,真実は、己を隠せぬ者を通してのみもたらされる。,天才ハッカー、路地裏の情報屋、調査報道記者、下水道技術者、執拗なデータ収集者,抱擁によって肉体を恐ろしい異形の怪物へと変貌させられたノスフェラトゥは、あらゆる虚飾を剥ぎ取られた宿命を背負っています。美しさと公の表舞台を奪われた彼らは、地下水道や暗闇、そして情報の流れへと目を向けました。美貌は衰えても情報は不滅の力です。彼らは都市の隅々に張り巡らせた情報ネットワークと驚異的な隠密能力で、長老たちですら無視できない権力を握っています。,秘密主義 / 情報への飢え (Information Hunger): 他者の秘密、弱み、隠された真実を暴き蓄積することを渇望します。未知の通路を探索し、機密を暴き、他者の弱みを握ることで獣を満たします。,外面化する獣 / 恐るべき容貌 (Hideous Visage): 肉体が怪物のように歪み、超自然的な隠蔽なしでは人間に偽装することが不可能です。素顔を見られた状態での人間との社会的テストの難易度が［世代修正値×2］上昇します。,隠秘愛好 / 逃走 (Cryptophilia): 隠れて溜め込もうとする強迫観念が理性を上回ります。最寄りの暗闇や地下道、閉鎖空間へと逃げ込み、後を追う者を攻撃し、自らの存在を徹底的に覆い隠そうとします。,動物使役（Animalism）、隠匿（Obfuscate）、怪力（Potence）の3つの訓えを標準で習得可能です。,ポウテンス (怪力・剛力),物理法則を無視した超人的筋力を発揮し、あらゆる障害物を粉砕し、垂直の壁を登り、壊滅的な打撃を叩き込む剛力の訓え。,1,飛翔の跳躍 (Soaring Leap),1-dot Physical Potence,アクション (Action),肉体: 筋力 (Strength),なし (None),なし (None),術者自身 (Self),即時 (Instant),脚力を爆発させ、数階建ての屋上や道路を軽々と跳躍する。,脚部の筋肉を超人的に強化し、助走なしでも数階建てのビル屋上や広い大通りを軽々と飛び越える跳躍力を発揮する。,"•••: 5階建て以上のビルを一度の跳躍で飛び越える。
•••••: 1回の跳躍で何キロメートルもの距離を踏破する。",Leap several stories into the air or leap across wide streets from rooftop to rooftop.,"•••: Leap over 5-story buildings.
•••••: Leap miles in single bounds."
ノスフェラトゥ,Nosferatu,真実は、己を隠せぬ者を通してのみもたらされる。,天才ハッカー、路地裏の情報屋、調査報道記者、下水道技術者、執拗なデータ収集者,抱擁によって肉体を恐ろしい異形の怪物へと変貌させられたノスフェラトゥは、あらゆる虚飾を剥ぎ取られた宿命を背負っています。美しさと公の表舞台を奪われた彼らは、地下水道や暗闇、そして情報の流れへと目を向けました。美貌は衰えても情報は不滅の力です。彼らは都市の隅々に張り巡らせた情報ネットワークと驚異的な隠密能力で、長老たちですら無視できない権力を握っています。,秘密主義 / 情報への飢え (Information Hunger): 他者の秘密、弱み、隠された真実を暴き蓄積することを渇望します。未知の通路を探索し、機密を暴き、他者の弱みを握ることで獣を満たします。,外面化する獣 / 恐るべき容貌 (Hideous Visage): 肉体が怪物のように歪み、超自然的な隠蔽なしでは人間に偽装することが不可能です。素顔を見られた状態での人間との社会的テストの難易度が［世代修正値×2］上昇します。,隠秘愛好 / 逃走 (Cryptophilia): 隠れて溜め込もうとする強迫観念が理性を上回ります。最寄りの暗闇や地下道、閉鎖空間へと逃げ込み、後を追う者を攻撃し、自らの存在を徹底的に覆い隠そうとします。,動物使役（Animalism）、隠匿（Obfuscate）、怪力（Potence）の3つの訓えを標準で習得可能です。,ポウテンス (怪力・剛力),物理法則を無視した超人的筋力を発揮し、あらゆる障害物を粉砕し、垂直の壁を登り、壊滅的な打撃を叩き込む剛力の訓え。,2,骨砕き (Bone Breaker),2-dot Physical Potence,アクション (Action),肉体: 筋力 (Strength),1ヴィータイ (1 Vitae),対象の持久力 (Target's Stamina),接触 (Touch),即時 (Instant),組み付き時に超人的な力で骨や関節を容易にへし折る。,敵を組み伏せた際、怪力によって手足の骨や関節をへし折り、対象の手足を恒久的に破壊・無力化する。,"•••: 金属製の鎧や防具すらも容易に押し潰す。
•••••: 骨を粉々に粉砕して粉末状にする。","When grappling, snap bones and shatter joints, permanently crippling the limb.","•••: Crushes metal armor.
•••••: Liquefies bone into dust."
ノスフェラトゥ,Nosferatu,真実は、己を隠せぬ者を通してのみもたらされる。,天才ハッカー、路地裏の情報屋、調査報道記者、下水道技術者、執拗なデータ収集者,抱擁によって肉体を恐ろしい異形の怪物へと変貌させられたノスフェラトゥは、あらゆる虚飾を剥ぎ取られた宿命を背負っています。美しさと公の表舞台を奪われた彼らは、地下水道や暗闇、そして情報の流れへと目を向けました。美貌は衰えても情報は不滅の力です。彼らは都市の隅々に張り巡らせた情報ネットワークと驚異的な隠密能力で、長老たちですら無視できない権力を握っています。,秘密主義 / 情報への飢え (Information Hunger): 他者の秘密、弱み、隠された真実を暴き蓄積することを渇望します。未知の通路を探索し、機密を暴き、他者の弱みを握ることで獣を満たします。,外面化する獣 / 恐るべき容貌 (Hideous Visage): 肉体が怪物のように歪み、超自然的な隠蔽なしでは人間に偽装することが不可能です。素顔を見られた状態での人間との社会的テストの難易度が［世代修正値×2］上昇します。,隠秘愛好 / 逃走 (Cryptophilia): 隠れて溜め込もうとする強迫観念が理性を上回ります。最寄りの暗闇や地下道、閉鎖空間へと逃げ込み、後を追う者を攻撃し、自らの存在を徹底的に覆い隠そうとします。,動物使役（Animalism）、隠匿（Obfuscate）、怪力（Potence）の3つの訓えを標準で習得可能です。,ポウテンス (怪力・剛力),物理法則を無視した超人的筋力を発揮し、あらゆる障害物を粉砕し、垂直の壁を登り、壊滅的な打撃を叩き込む剛力の訓え。,2,大地揺るがし (Earthshock),2-dot Physical Potence,アクション (Action),肉体: 筋力 (Strength),1ヴィータイ (1 Vitae),なし (None),近距離 (Near),即時 (Instant),地面に拳を叩きつけ、衝撃波で周囲の敵を転倒させる。,地面や床面に超怪力の拳を叩きつけ、周囲一帯に強烈な震動と衝撃波を走らせて、近距離にいるすべての敵を足元からすくい上げて転倒させる。,"•••: アスファルトの舗装道路を放射状に粉砕する。
•••••: 小型建築物やプレハブ小屋を衝撃波で倒壊させる。","Strike the ground with a punch, sending a shockwave that knocks everyone nearby off their feet.","•••: Shatters street pavement.
•••••: Collapses small buildings."
ノスフェラトゥ,Nosferatu,真実は、己を隠せぬ者を通してのみもたらされる。,天才ハッカー、路地裏の情報屋、調査報道記者、下水道技術者、執拗なデータ収集者,抱擁によって肉体を恐ろしい異形の怪物へと変貌させられたノスフェラトゥは、あらゆる虚飾を剥ぎ取られた宿命を背負っています。美しさと公の表舞台を奪われた彼らは、地下水道や暗闇、そして情報の流れへと目を向けました。美貌は衰えても情報は不滅の力です。彼らは都市の隅々に張り巡らせた情報ネットワークと驚異的な隠密能力で、長老たちですら無視できない権力を握っています。,秘密主義 / 情報への飢え (Information Hunger): 他者の秘密、弱み、隠された真実を暴き蓄積することを渇望します。未知の通路を探索し、機密を暴き、他者の弱みを握ることで獣を満たします。,外面化する獣 / 恐るべき容貌 (Hideous Visage): 肉体が怪物のように歪み、超自然的な隠蔽なしでは人間に偽装することが不可能です。素顔を見られた状態での人間との社会的テストの難易度が［世代修正値×2］上昇します。,隠秘愛好 / 逃走 (Cryptophilia): 隠れて溜め込もうとする強迫観念が理性を上回ります。最寄りの暗闇や地下道、閉鎖空間へと逃げ込み、後を追う者を攻撃し、自らの存在を徹底的に覆い隠そうとします。,動物使役（Animalism）、隠匿（Obfuscate）、怪力（Potence）の3つの訓えを標準で習得可能です。,ポウテンス (怪力・剛力),物理法則を無視した超人的筋力を発揮し、あらゆる障害物を粉砕し、垂直の壁を登り、壊滅的な打撃を叩き込む剛力の訓え。,2,渾身の一撃 (Powerful Strike),2-dot Physical Potence,アクション (Action),肉体: 筋力 (Strength),1ヴィータイ (1 Vitae),なし (None),術者自身 (Self),即時 (Instant),次の一撃の威力を跳ね上げ、訓えドット数分の追加ダメージを与える。,次に行う素手（格闘）または近接武器による一撃に怪力を集中し、最終ダメージに直接［ポウテンスのドット数］を加える。,なし,Add Potence dots directly to the final damage of your next Melee or Brawl strike.,None
ノスフェラトゥ,Nosferatu,真実は、己を隠せぬ者を通してのみもたらされる。,天才ハッカー、路地裏の情報屋、調査報道記者、下水道技術者、執拗なデータ収集者,抱擁によって肉体を恐ろしい異形の怪物へと変貌させられたノスフェラトゥは、あらゆる虚飾を剥ぎ取られた宿命を背負っています。美しさと公の表舞台を奪われた彼らは、地下水道や暗闇、そして情報の流れへと目を向けました。美貌は衰えても情報は不滅の力です。彼らは都市の隅々に張り巡らせた情報ネットワークと驚異的な隠密能力で、長老たちですら無視できない権力を握っています。,秘密主義 / 情報への飢え (Information Hunger): 他者の秘密、弱み、隠された真実を暴き蓄積することを渇望します。未知の通路を探索し、機密を暴き、他者の弱みを握ることで獣を満たします。,外面化する獣 / 恐るべき容貌 (Hideous Visage): 肉体が怪物のように歪み、超自然的な隠蔽なしでは人間に偽装することが不可能です。素顔を見られた状態での人間との社会的テストの難易度が［世代修正値×2］上昇します。,隠秘愛好 / 逃走 (Cryptophilia): 隠れて溜め込もうとする強迫観念が理性を上回ります。最寄りの暗闇や地下道、閉鎖空間へと逃げ込み、後を追う者を攻撃し、自らの存在を徹底的に覆い隠そうとします。,動物使役（Animalism）、隠匿（Obfuscate）、怪力（Potence）の3つの訓えを標準で習得可能です。,ポウテンス (怪力・剛力),物理法則を無視した超人的筋力を発揮し、あらゆる障害物を粉砕し、垂直の壁を登り、壊滅的な打撃を叩き込む剛力の訓え。,3,不可避の痛撃 (Strike True),3-dot Physical Potence,アクション (Action),肉体: 筋力 (Strength),2ヴィータイ (2 Vitae),なし (None),術者自身 (Self),即時 (Instant),受け流しや回避を許さない不可避の超高速・超重量攻撃を繰り出す。,回避不能な凄まじい速度と運動量をもって攻撃を繰り出し、防御側が受け流しや回避の判定を行うことを一切封じる。,•••••: 重装甲や戦車級の防具を一撃で粉々に貫通・粉砕する。,Swing with such terrifying speed and momentum that defenders cannot dodge or block the blow.,•••••: Blow destroys heavy armor instantly.
ノスフェラトゥ,Nosferatu,真実は、己を隠せぬ者を通してのみもたらされる。,天才ハッカー、路地裏の情報屋、調査報道記者、下水道技術者、執拗なデータ収集者,抱擁によって肉体を恐ろしい異形の怪物へと変貌させられたノスフェラトゥは、あらゆる虚飾を剥ぎ取られた宿命を背負っています。美しさと公の表舞台を奪われた彼らは、地下水道や暗闇、そして情報の流れへと目を向けました。美貌は衰えても情報は不滅の力です。彼らは都市の隅々に張り巡らせた情報ネットワークと驚異的な隠密能力で、長老たちですら無視できない権力を握っています。,秘密主義 / 情報への飢え (Information Hunger): 他者の秘密、弱み、隠された真実を暴き蓄積することを渇望します。未知の通路を探索し、機密を暴き、他者の弱みを握ることで獣を満たします。,外面化する獣 / 恐るべき容貌 (Hideous Visage): 肉体が怪物のように歪み、超自然的な隠蔽なしでは人間に偽装することが不可能です。素顔を見られた状態での人間との社会的テストの難易度が［世代修正値×2］上昇します。,隠秘愛好 / 逃走 (Cryptophilia): 隠れて溜め込もうとする強迫観念が理性を上回ります。最寄りの暗闇や地下道、閉鎖空間へと逃げ込み、後を追う者を攻撃し、自らの存在を徹底的に覆い隠そうとします。,動物使役（Animalism）、隠匿（Obfuscate）、怪力（Potence）の3つの訓えを標準で習得可能です。,ポウテンス (怪力・剛力),物理法則を無視した超人的筋力を発揮し、あらゆる障害物を粉砕し、垂直の壁を登り、壊滅的な打撃を叩き込む剛力の訓え。,3,雄叫び (War Cry),3-dot Social Potence,アクション (Action),社会: カリスマ (Charisma),1ヴィータイ (1 Vitae),対象の平静 (Target's Composure),近距離 (Near),即時 (Instant),魂を震わせる咆哮で人間を逃走させ、吸血鬼を恐怖狂乱に追い込む。,内なる獣の怪力を込めた戦慄の雄叫びを放ち、人間を恐怖で逃走させ、吸血鬼に対して恐怖狂乱（Rötschreck）の抵抗テストを強制する。,•••••: 咆哮の衝撃波が大通りを挟んだ向かいの建物のガラスを一斉に粉砕する。,Unleash a terrifying battle roar that sends mortals fleeing and forces Kindred to test for terror frenzy.,•••••: Roar shatters glass across the street.
トレアドール,Toreador,美は永遠であり、それへの我らの渇望もまた永遠である。,前衛芸術家、ファッションデザイナー、スーパーモデル、画廊オーナー、ポップアイドル、辛口の美術批評家,「薔薇の氏族」として知られるトレアドールは、美こそが永遠の命を生きる唯一の価値であると信じています。芸術、情熱、歓喜、そして苦悶のすべてを極限まで感じ取ることによってのみ、不死者が陥る無感動の腐敗を防ぐことができると考えます。彼らは人間と吸血鬼の上流社交界の頂点に君臨し、流行を作り出し、一瞥で他者の評価を天国にも地獄にも落とす審美眼とカリスマを誇ります。,偶像 / 執念深き職人 (Obsessive Artisan): 美、完璧さ、圧倒的な感情の高まりに魅了されます。卓越した芸術を創造し、崇高な傑作や感情に触れ、人々からの熱狂的な称賛を浴びることで獣を満たします。,美への飢え (Starved for Beauty): 超自然的な美的感受性が極めて過敏です。殺風景、不潔、工業的、または美的優雅さに欠ける環境に置かれると血が衰弱し、全ダイスプールに［世代修正値］分のペナルティを受けます。,執着 (Obsession): 周囲にある美しい物体、人物、芸術的パフォーマンスに完全に心を奪われ固執します。周囲に美しいものが存在しない場合は、感性を害した下品で醜い要素を破壊しようと激昂します。,予見（Auspex）、迅速（Celerity）、威厳（Presence）の3つの訓えを標準で習得可能です。,オースペクス (予見・霊視),感覚の超自然的拡張、精神感応（テレパシー）、過去視、危険予知を司る知覚の訓え。不可視の霊や欺瞞を見破り、遠隔の情景を監視する。,1,解析の眼 (Analyze),1-dot Mental Auspex,アクション (Action),精神: 知力 (Intelligence),意志力1点 (1 Willpower),なし (None),接触 (Touch),即時 (Instant),物体を精査し、その組成、年代、製作者、扱った人物の履歴を読み取る。,物体に精神を集中して精査することで、その構成物質、正確な年代、製作者、および最近その物体を手に取った人物の痕跡を識別する。,"•••: 過去の所有者が残した残留思念やサイキックな印象を読み取れる。
•••••: 製作者がその物体を作った際の感情状態を正確に再現・感知できる。","Examine an object to discern its composition, age, maker, and recent handling history.","•••: Discern psychic impressions left by owners.
•••••: Reconstruct the creator's exact emotional state."
トレアドール,Toreador,美は永遠であり、それへの我らの渇望もまた永遠である。,前衛芸術家、ファッションデザイナー、スーパーモデル、画廊オーナー、ポップアイドル、辛口の美術批評家,「薔薇の氏族」として知られるトレアドールは、美こそが永遠の命を生きる唯一の価値であると信じています。芸術、情熱、歓喜、そして苦悶のすべてを極限まで感じ取ることによってのみ、不死者が陥る無感動の腐敗を防ぐことができると考えます。彼らは人間と吸血鬼の上流社交界の頂点に君臨し、流行を作り出し、一瞥で他者の評価を天国にも地獄にも落とす審美眼とカリスマを誇ります。,偶像 / 執念深き職人 (Obsessive Artisan): 美、完璧さ、圧倒的な感情の高まりに魅了されます。卓越した芸術を創造し、崇高な傑作や感情に触れ、人々からの熱狂的な称賛を浴びることで獣を満たします。,美への飢え (Starved for Beauty): 超自然的な美的感受性が極めて過敏です。殺風景、不潔、工業的、または美的優雅さに欠ける環境に置かれると血が衰弱し、全ダイスプールに［世代修正値］分のペナルティを受けます。,執着 (Obsession): 周囲にある美しい物体、人物、芸術的パフォーマンスに完全に心を奪われ固執します。周囲に美しいものが存在しない場合は、感性を害した下品で醜い要素を破壊しようと激昂します。,予見（Auspex）、迅速（Celerity）、威厳（Presence）の3つの訓えを標準で習得可能です。,オースペクス (予見・霊視),感覚の超自然的拡張、精神感応（テレパシー）、過去視、危険予知を司る知覚の訓え。不可視の霊や欺瞞を見破り、遠隔の情景を監視する。,1,五感の研ぎ澄まし (Heightened Senses),1-dot Mental Auspex,アクション (Action),精神: 機知 (Wits),なし (None),なし (None),術者自身 (Self),集中維持中 (Sustained),視覚、聴覚、嗅覚、触覚の知覚距離と感度を倍増させ、暗視を得る。,感覚器官を超自然的に拡張し、視覚、聴覚、嗅覚、触覚の範囲と感度を2倍にする。知覚に関する全テストに［オースペクスのドット数］を加える。ほぼ完全な暗黒でも視界を確保できる。,なし,"Double the range and sensitivity of your vision, hearing, smell, or touch. Add dots in Auspex to all perception tests. Can see in near-total darkness.",None
トレアドール,Toreador,美は永遠であり、それへの我らの渇望もまた永遠である。,前衛芸術家、ファッションデザイナー、スーパーモデル、画廊オーナー、ポップアイドル、辛口の美術批評家,「薔薇の氏族」として知られるトレアドールは、美こそが永遠の命を生きる唯一の価値であると信じています。芸術、情熱、歓喜、そして苦悶のすべてを極限まで感じ取ることによってのみ、不死者が陥る無感動の腐敗を防ぐことができると考えます。彼らは人間と吸血鬼の上流社交界の頂点に君臨し、流行を作り出し、一瞥で他者の評価を天国にも地獄にも落とす審美眼とカリスマを誇ります。,偶像 / 執念深き職人 (Obsessive Artisan): 美、完璧さ、圧倒的な感情の高まりに魅了されます。卓越した芸術を創造し、崇高な傑作や感情に触れ、人々からの熱狂的な称賛を浴びることで獣を満たします。,美への飢え (Starved for Beauty): 超自然的な美的感受性が極めて過敏です。殺風景、不潔、工業的、または美的優雅さに欠ける環境に置かれると血が衰弱し、全ダイスプールに［世代修正値］分のペナルティを受けます。,執着 (Obsession): 周囲にある美しい物体、人物、芸術的パフォーマンスに完全に心を奪われ固執します。周囲に美しいものが存在しない場合は、感性を害した下品で醜い要素を破壊しようと激昂します。,予見（Auspex）、迅速（Celerity）、威厳（Presence）の3つの訓えを標準で習得可能です。,オースペクス (予見・霊視),感覚の超自然的拡張、精神感応（テレパシー）、過去視、危険予知を司る知覚の訓え。不可視の霊や欺瞞を見破り、遠隔の情景を監視する。,1,不可視の感知 (Sense the Unseen),1-dot Mental Auspex,アクション (Action),精神: 機知 (Wits),なし (None),なし (None),術者自身 (Self),1シーン (One scene),不可視の霊体、隠匿（Obfuscate）による偽装、魔法の結界を感知する。,超自然的な存在、隠匿（Obfuscate）による幻覚や潜伏、霊体、魔法の結界などを感知する。隠匿している相手のドット数とオースペクスのドット数で対抗テストを行う。,なし,"Detect the presence of supernatural beings, illusions (Obfuscate), spirits, or magical wards. Contest your Auspex vs Obfuscate dots.",None
トレアドール,Toreador,美は永遠であり、それへの我らの渇望もまた永遠である。,前衛芸術家、ファッションデザイナー、スーパーモデル、画廊オーナー、ポップアイドル、辛口の美術批評家,「薔薇の氏族」として知られるトレアドールは、美こそが永遠の命を生きる唯一の価値であると信じています。芸術、情熱、歓喜、そして苦悶のすべてを極限まで感じ取ることによってのみ、不死者が陥る無感動の腐敗を防ぐことができると考えます。彼らは人間と吸血鬼の上流社交界の頂点に君臨し、流行を作り出し、一瞥で他者の評価を天国にも地獄にも落とす審美眼とカリスマを誇ります。,偶像 / 執念深き職人 (Obsessive Artisan): 美、完璧さ、圧倒的な感情の高まりに魅了されます。卓越した芸術を創造し、崇高な傑作や感情に触れ、人々からの熱狂的な称賛を浴びることで獣を満たします。,美への飢え (Starved for Beauty): 超自然的な美的感受性が極めて過敏です。殺風景、不潔、工業的、または美的優雅さに欠ける環境に置かれると血が衰弱し、全ダイスプールに［世代修正値］分のペナルティを受けます。,執着 (Obsession): 周囲にある美しい物体、人物、芸術的パフォーマンスに完全に心を奪われ固執します。周囲に美しいものが存在しない場合は、感性を害した下品で醜い要素を破壊しようと激昂します。,予見（Auspex）、迅速（Celerity）、威厳（Presence）の3つの訓えを標準で習得可能です。,オースペクス (予見・霊視),感覚の超自然的拡張、精神感応（テレパシー）、過去視、危険予知を司る知覚の訓え。不可視の霊や欺瞞を見破り、遠隔の情景を監視する。,2,危険予知 (Premonition),2-dot Mental Auspex,リアクション (Reaction),精神: 機知 (Wits),意志力1点 (1 Willpower),なし (None),術者自身 (Self),即時 (Instant),直感的な未来の予兆を感じ取り、不意打ちや奇襲を回避する。,危険が訪れる直前に警告の閃きを受け取る。奇襲や不意打ちを回避し、防御テストにボーナスを得るか、STから謎めいた未来の予兆（オメーン）を受け取る。,なし,"Receive flashes of danger before it strikes. Avoid being ambushed, gain defense bonuses on surprise attacks, or receive cryptic omens from the Storyteller.",None
トレアドール,Toreador,美は永遠であり、それへの我らの渇望もまた永遠である。,前衛芸術家、ファッションデザイナー、スーパーモデル、画廊オーナー、ポップアイドル、辛口の美術批評家,「薔薇の氏族」として知られるトレアドールは、美こそが永遠の命を生きる唯一の価値であると信じています。芸術、情熱、歓喜、そして苦悶のすべてを極限まで感じ取ることによってのみ、不死者が陥る無感動の腐敗を防ぐことができると考えます。彼らは人間と吸血鬼の上流社交界の頂点に君臨し、流行を作り出し、一瞥で他者の評価を天国にも地獄にも落とす審美眼とカリスマを誇ります。,偶像 / 執念深き職人 (Obsessive Artisan): 美、完璧さ、圧倒的な感情の高まりに魅了されます。卓越した芸術を創造し、崇高な傑作や感情に触れ、人々からの熱狂的な称賛を浴びることで獣を満たします。,美への飢え (Starved for Beauty): 超自然的な美的感受性が極めて過敏です。殺風景、不潔、工業的、または美的優雅さに欠ける環境に置かれると血が衰弱し、全ダイスプールに［世代修正値］分のペナルティを受けます。,執着 (Obsession): 周囲にある美しい物体、人物、芸術的パフォーマンスに完全に心を奪われ固執します。周囲に美しいものが存在しない場合は、感性を害した下品で醜い要素を破壊しようと激昂します。,予見（Auspex）、迅速（Celerity）、威厳（Presence）の3つの訓えを標準で習得可能です。,オースペクス (予見・霊視),感覚の超自然的拡張、精神感応（テレパシー）、過去視、危険予知を司る知覚の訓え。不可視の霊や欺瞞を見破り、遠隔の情景を監視する。,2,過去視 (Psychometry),2-dot Mental Auspex,アクション (Action),精神: 決意 (Resolve),1ヴィータイ (1 Vitae),なし (None),接触 (Touch),即時 (Instant),物体や場所に触れて、過去の強烈な感情や事件の思念を読み取る。,物体や場所に触れることで、その場や物体の周囲で過去に発生した最も強烈な感情的出来事のサイキックなビジョンを追体験する。,なし,Touch an object or location to experience intense psychic visions of the strongest emotional events that occurred in its presence.,None
トレアドール,Toreador,美は永遠であり、それへの我らの渇望もまた永遠である。,前衛芸術家、ファッションデザイナー、スーパーモデル、画廊オーナー、ポップアイドル、辛口の美術批評家,「薔薇の氏族」として知られるトレアドールは、美こそが永遠の命を生きる唯一の価値であると信じています。芸術、情熱、歓喜、そして苦悶のすべてを極限まで感じ取ることによってのみ、不死者が陥る無感動の腐敗を防ぐことができると考えます。彼らは人間と吸血鬼の上流社交界の頂点に君臨し、流行を作り出し、一瞥で他者の評価を天国にも地獄にも落とす審美眼とカリスマを誇ります。,偶像 / 執念深き職人 (Obsessive Artisan): 美、完璧さ、圧倒的な感情の高まりに魅了されます。卓越した芸術を創造し、崇高な傑作や感情に触れ、人々からの熱狂的な称賛を浴びることで獣を満たします。,美への飢え (Starved for Beauty): 超自然的な美的感受性が極めて過敏です。殺風景、不潔、工業的、または美的優雅さに欠ける環境に置かれると血が衰弱し、全ダイスプールに［世代修正値］分のペナルティを受けます。,執着 (Obsession): 周囲にある美しい物体、人物、芸術的パフォーマンスに完全に心を奪われ固執します。周囲に美しいものが存在しない場合は、感性を害した下品で醜い要素を破壊しようと激昂します。,予見（Auspex）、迅速（Celerity）、威厳（Presence）の3つの訓えを標準で習得可能です。,オースペクス (予見・霊視),感覚の超自然的拡張、精神感応（テレパシー）、過去視、危険予知を司る知覚の訓え。不可視の霊や欺瞞を見破り、遠隔の情景を監視する。,2,精神感応 (Telepathy),2-dot Mental Auspex,アクション (Action),社会: 操作力 (Manipulation),意志力1点 (1 Willpower),対象の決意 (Target's Resolve),視線が通る距離 (Line of sight),1シーン (One scene),無言の精神リンクを結び、表面思考の読み取りや念話を行う。,相手の心と精神的リンクを確立し、表面思考を読み取るか、自らの思考を相手の頭脳に直接投影して無言の意思疎通を行う。,"•••: 相手の深層意識に抑圧された記憶まで読み取ることができる。
•••••: 同時に最大5人の精神と念話を行うことができる。",Establish a silent mental link to read surface thoughts or project your thoughts into the target's mind.,"•••: Read deep suppressed memories.
•••••: Communicate with up to 5 minds simultaneously."
トレアドール,Toreador,美は永遠であり、それへの我らの渇望もまた永遠である。,前衛芸術家、ファッションデザイナー、スーパーモデル、画廊オーナー、ポップアイドル、辛口の美術批評家,「薔薇の氏族」として知られるトレアドールは、美こそが永遠の命を生きる唯一の価値であると信じています。芸術、情熱、歓喜、そして苦悶のすべてを極限まで感じ取ることによってのみ、不死者が陥る無感動の腐敗を防ぐことができると考えます。彼らは人間と吸血鬼の上流社交界の頂点に君臨し、流行を作り出し、一瞥で他者の評価を天国にも地獄にも落とす審美眼とカリスマを誇ります。,偶像 / 執念深き職人 (Obsessive Artisan): 美、完璧さ、圧倒的な感情の高まりに魅了されます。卓越した芸術を創造し、崇高な傑作や感情に触れ、人々からの熱狂的な称賛を浴びることで獣を満たします。,美への飢え (Starved for Beauty): 超自然的な美的感受性が極めて過敏です。殺風景、不潔、工業的、または美的優雅さに欠ける環境に置かれると血が衰弱し、全ダイスプールに［世代修正値］分のペナルティを受けます。,執着 (Obsession): 周囲にある美しい物体、人物、芸術的パフォーマンスに完全に心を奪われ固執します。周囲に美しいものが存在しない場合は、感性を害した下品で醜い要素を破壊しようと激昂します。,予見（Auspex）、迅速（Celerity）、威厳（Presence）の3つの訓えを標準で習得可能です。,オースペクス (予見・霊視),感覚の超自然的拡張、精神感応（テレパシー）、過去視、危険予知を司る知覚の訓え。不可視の霊や欺瞞を見破り、遠隔の情景を監視する。,3,千里眼 (Clairvoyance),3-dot Mental Auspex,アクション (Action),精神: 機知/知覚 (Wits/Perception),1ヴィータイ (1 Vitae),なし (None),極長距離/都市内 (Extreme),1シーン (One scene),親しみのある遠隔の場所へ視覚や聴覚を投射して監視する。,自らの視覚と聴覚を、かつて訪れたことのある都市内の任意の場所へと投射し、あたかもその場に立っているかのように遠隔の状況を観察する。,•••••: 大陸を越えた遠方の場所へも感覚を投射できるようになる。,"Project your visual and auditory senses to a familiar location anywhere in the city, viewing events as though you were physically standing there.",•••••: Can project senses across entire continents.
トレアドール,Toreador,美は永遠であり、それへの我らの渇望もまた永遠である。,前衛芸術家、ファッションデザイナー、スーパーモデル、画廊オーナー、ポップアイドル、辛口の美術批評家,「薔薇の氏族」として知られるトレアドールは、美こそが永遠の命を生きる唯一の価値であると信じています。芸術、情熱、歓喜、そして苦悶のすべてを極限まで感じ取ることによってのみ、不死者が陥る無感動の腐敗を防ぐことができると考えます。彼らは人間と吸血鬼の上流社交界の頂点に君臨し、流行を作り出し、一瞥で他者の評価を天国にも地獄にも落とす審美眼とカリスマを誇ります。,偶像 / 執念深き職人 (Obsessive Artisan): 美、完璧さ、圧倒的な感情の高まりに魅了されます。卓越した芸術を創造し、崇高な傑作や感情に触れ、人々からの熱狂的な称賛を浴びることで獣を満たします。,美への飢え (Starved for Beauty): 超自然的な美的感受性が極めて過敏です。殺風景、不潔、工業的、または美的優雅さに欠ける環境に置かれると血が衰弱し、全ダイスプールに［世代修正値］分のペナルティを受けます。,執着 (Obsession): 周囲にある美しい物体、人物、芸術的パフォーマンスに完全に心を奪われ固執します。周囲に美しいものが存在しない場合は、感性を害した下品で醜い要素を破壊しようと激昂します。,予見（Auspex）、迅速（Celerity）、威厳（Presence）の3つの訓えを標準で習得可能です。,オースペクス (予見・霊視),感覚の超自然的拡張、精神感応（テレパシー）、過去視、危険予知を司る知覚の訓え。不可視の霊や欺瞞を見破り、遠隔の情景を監視する。,3,感覚共有 (Share Senses),3-dot Mental Auspex,アクション (Action),社会: カリスマ (Charisma),1ヴィータイ (1 Vitae),対象の平静 (Target's Composure),視線が通る距離 (Line of sight),1シーン (One scene),他者の目や耳を借りて、相手が見聞きしている感覚を共有する。,対象（同意または強制）の感覚を一時的に借り受け、術者の肉体をトランス状態に保ちながら、対象の目を通して見、耳を通して聞く。,•••••: 対象の視線や行動を微細に遠隔誘導できるようになる。,"Borrow the senses of a willing or unwilling target, seeing through their eyes and hearing through their ears while keeping your body in trance.",•••••: Can subtly guide target's gaze and actions.
トレアドール,Toreador,美は永遠であり、それへの我らの渇望もまた永遠である。,前衛芸術家、ファッションデザイナー、スーパーモデル、画廊オーナー、ポップアイドル、辛口の美術批評家,「薔薇の氏族」として知られるトレアドールは、美こそが永遠の命を生きる唯一の価値であると信じています。芸術、情熱、歓喜、そして苦悶のすべてを極限まで感じ取ることによってのみ、不死者が陥る無感動の腐敗を防ぐことができると考えます。彼らは人間と吸血鬼の上流社交界の頂点に君臨し、流行を作り出し、一瞥で他者の評価を天国にも地獄にも落とす審美眼とカリスマを誇ります。,偶像 / 執念深き職人 (Obsessive Artisan): 美、完璧さ、圧倒的な感情の高まりに魅了されます。卓越した芸術を創造し、崇高な傑作や感情に触れ、人々からの熱狂的な称賛を浴びることで獣を満たします。,美への飢え (Starved for Beauty): 超自然的な美的感受性が極めて過敏です。殺風景、不潔、工業的、または美的優雅さに欠ける環境に置かれると血が衰弱し、全ダイスプールに［世代修正値］分のペナルティを受けます。,執着 (Obsession): 周囲にある美しい物体、人物、芸術的パフォーマンスに完全に心を奪われ固執します。周囲に美しいものが存在しない場合は、感性を害した下品で醜い要素を破壊しようと激昂します。,予見（Auspex）、迅速（Celerity）、威厳（Presence）の3つの訓えを標準で習得可能です。,セレリティ (迅速・疾駆),超人的な反射速度、瞬発力、時間感覚の加速を可能にする神速の訓え。目にも留まらぬ速度で移動し、攻撃を回避し、複数回の手番を行う。,1,猫の身のこなし (Cat's Grace),1-dot Physical Celerity,アクション (Action),肉体: 敏捷力 (Dexterity),なし (None),なし (None),術者自身 (Self),1ターン (One turn),驚異的な平衡感覚を得て、細い足場や不安定な瓦礫の上を疾走する。,超自然的なバランス感覚を発揮し、ワイヤーの上、狭い突起、崩れやすい足場の上を一切転落することなく高速で走り抜ける。,"•••: 短時間であれば垂直な壁面を駆け上がることができる。
•••••: 水面や液体の表面を沈まずに駆け抜けることができる。","Move with supernatural balance, running across wires, narrow ledges, or unstable debris without falling.","•••: Can run across vertical walls for short bursts.
•••••: Can run across liquids."
トレアドール,Toreador,美は永遠であり、それへの我らの渇望もまた永遠である。,前衛芸術家、ファッションデザイナー、スーパーモデル、画廊オーナー、ポップアイドル、辛口の美術批評家,「薔薇の氏族」として知られるトレアドールは、美こそが永遠の命を生きる唯一の価値であると信じています。芸術、情熱、歓喜、そして苦悶のすべてを極限まで感じ取ることによってのみ、不死者が陥る無感動の腐敗を防ぐことができると考えます。彼らは人間と吸血鬼の上流社交界の頂点に君臨し、流行を作り出し、一瞥で他者の評価を天国にも地獄にも落とす審美眼とカリスマを誇ります。,偶像 / 執念深き職人 (Obsessive Artisan): 美、完璧さ、圧倒的な感情の高まりに魅了されます。卓越した芸術を創造し、崇高な傑作や感情に触れ、人々からの熱狂的な称賛を浴びることで獣を満たします。,美への飢え (Starved for Beauty): 超自然的な美的感受性が極めて過敏です。殺風景、不潔、工業的、または美的優雅さに欠ける環境に置かれると血が衰弱し、全ダイスプールに［世代修正値］分のペナルティを受けます。,執着 (Obsession): 周囲にある美しい物体、人物、芸術的パフォーマンスに完全に心を奪われ固執します。周囲に美しいものが存在しない場合は、感性を害した下品で醜い要素を破壊しようと激昂します。,予見（Auspex）、迅速（Celerity）、威厳（Presence）の3つの訓えを標準で習得可能です。,セレリティ (迅速・疾駆),超人的な反射速度、瞬発力、時間感覚の加速を可能にする神速の訓え。目にも留まらぬ速度で移動し、攻撃を回避し、複数回の手番を行う。,1,敏捷なる反射 (Rapid Reflexes),1-dot Physical Celerity,リアクション (Reaction),肉体: 敏捷力 (Dexterity),1ヴィータイ (1 Vitae),なし (None),術者自身 (Self),1ターン (One turn),神速の反射神経で身を躱し、あらゆる攻撃の防御テストを強化する。,超人的な反射速度で迫り来る攻撃を回避する。あらゆる物理攻撃に対する自身の防御プールに［セレリティのドット数］を加える。,"•••: 遮蔽物のない状態でも銃弾を回避することができる。
•••••: 回避した銃弾や投擲物の弾道を逸らして別の方向へ弾くことができる。",Dodge incoming attacks with preternatural speed. Add dots in Celerity to your defense pools against physical attacks.,"•••: Can dodge bullets without cover.
•••••: Can redirect missed projectile attacks."
トレアドール,Toreador,美は永遠であり、それへの我らの渇望もまた永遠である。,前衛芸術家、ファッションデザイナー、スーパーモデル、画廊オーナー、ポップアイドル、辛口の美術批評家,「薔薇の氏族」として知られるトレアドールは、美こそが永遠の命を生きる唯一の価値であると信じています。芸術、情熱、歓喜、そして苦悶のすべてを極限まで感じ取ることによってのみ、不死者が陥る無感動の腐敗を防ぐことができると考えます。彼らは人間と吸血鬼の上流社交界の頂点に君臨し、流行を作り出し、一瞥で他者の評価を天国にも地獄にも落とす審美眼とカリスマを誇ります。,偶像 / 執念深き職人 (Obsessive Artisan): 美、完璧さ、圧倒的な感情の高まりに魅了されます。卓越した芸術を創造し、崇高な傑作や感情に触れ、人々からの熱狂的な称賛を浴びることで獣を満たします。,美への飢え (Starved for Beauty): 超自然的な美的感受性が極めて過敏です。殺風景、不潔、工業的、または美的優雅さに欠ける環境に置かれると血が衰弱し、全ダイスプールに［世代修正値］分のペナルティを受けます。,執着 (Obsession): 周囲にある美しい物体、人物、芸術的パフォーマンスに完全に心を奪われ固執します。周囲に美しいものが存在しない場合は、感性を害した下品で醜い要素を破壊しようと激昂します。,予見（Auspex）、迅速（Celerity）、威厳（Presence）の3つの訓えを標準で習得可能です。,セレリティ (迅速・疾駆),超人的な反射速度、瞬発力、時間感覚の加速を可能にする神速の訓え。目にも留まらぬ速度で移動し、攻撃を回避し、複数回の手番を行う。,1,震動の手 (Vibrating Hands),1-dot Physical Celerity,アクション (Action),肉体: 敏捷力 (Dexterity),1ヴィータイ (1 Vitae),なし (None),接触 (Touch),即時 (Instant),手を高速振動させ、触れるだけで鍵や固形物を瞬時に粉砕する。,両手を極超音速で振動させ、触れた鍵を破壊し、窓ガラスを粉砕し、コンクリートに亀裂を入れる。,"•••: 強化鋼鉄製の特殊錠前をも粉砕できる。
•••••: 装甲化されたエンジンブロックすらも粉々に破壊できる。","Vibrate your hands at hyperspeed to shatter locks, shatter glass, or crack concrete with a single touch.","•••: Destroys reinforced steel locks.
•••••: Can shatter armored engine blocks."
トレアドール,Toreador,美は永遠であり、それへの我らの渇望もまた永遠である。,前衛芸術家、ファッションデザイナー、スーパーモデル、画廊オーナー、ポップアイドル、辛口の美術批評家,「薔薇の氏族」として知られるトレアドールは、美こそが永遠の命を生きる唯一の価値であると信じています。芸術、情熱、歓喜、そして苦悶のすべてを極限まで感じ取ることによってのみ、不死者が陥る無感動の腐敗を防ぐことができると考えます。彼らは人間と吸血鬼の上流社交界の頂点に君臨し、流行を作り出し、一瞥で他者の評価を天国にも地獄にも落とす審美眼とカリスマを誇ります。,偶像 / 執念深き職人 (Obsessive Artisan): 美、完璧さ、圧倒的な感情の高まりに魅了されます。卓越した芸術を創造し、崇高な傑作や感情に触れ、人々からの熱狂的な称賛を浴びることで獣を満たします。,美への飢え (Starved for Beauty): 超自然的な美的感受性が極めて過敏です。殺風景、不潔、工業的、または美的優雅さに欠ける環境に置かれると血が衰弱し、全ダイスプールに［世代修正値］分のペナルティを受けます。,執着 (Obsession): 周囲にある美しい物体、人物、芸術的パフォーマンスに完全に心を奪われ固執します。周囲に美しいものが存在しない場合は、感性を害した下品で醜い要素を破壊しようと激昂します。,予見（Auspex）、迅速（Celerity）、威厳（Presence）の3つの訓えを標準で習得可能です。,セレリティ (迅速・疾駆),超人的な反射速度、瞬発力、時間感覚の加速を可能にする神速の訓え。目にも留まらぬ速度で移動し、攻撃を回避し、複数回の手番を行う。,2,瞬動 (Blink),2-dot Physical Celerity,アクション (Action),肉体: 敏捷力 (Dexterity),1ヴィータイ (1 Vitae),なし (None),術者自身 (Self),即時 (Instant),目にも留まらぬ速度で移動し、中距離を一瞬で駆け抜ける。,瞬きの間に中距離（Medium）までの距離を疾走する。目撃者からは、術者がその場から消え去り、一瞬で目的地に現れたように見える。,"•••: 長距離（Long）までの距離を一瞬で移動できるようになる。
•••••: 移動時に同行者1人を抱えて共にブリンク移動できる。",Move up to Medium distance in the blink of an eye. Observers see you vanish and reappear instantly.,"•••: Move up to Long distance.
•••••: Can carry a passenger while blinking."
トレアドール,Toreador,美は永遠であり、それへの我らの渇望もまた永遠である。,前衛芸術家、ファッションデザイナー、スーパーモデル、画廊オーナー、ポップアイドル、辛口の美術批評家,「薔薇の氏族」として知られるトレアドールは、美こそが永遠の命を生きる唯一の価値であると信じています。芸術、情熱、歓喜、そして苦悶のすべてを極限まで感じ取ることによってのみ、不死者が陥る無感動の腐敗を防ぐことができると考えます。彼らは人間と吸血鬼の上流社交界の頂点に君臨し、流行を作り出し、一瞥で他者の評価を天国にも地獄にも落とす審美眼とカリスマを誇ります。,偶像 / 執念深き職人 (Obsessive Artisan): 美、完璧さ、圧倒的な感情の高まりに魅了されます。卓越した芸術を創造し、崇高な傑作や感情に触れ、人々からの熱狂的な称賛を浴びることで獣を満たします。,美への飢え (Starved for Beauty): 超自然的な美的感受性が極めて過敏です。殺風景、不潔、工業的、または美的優雅さに欠ける環境に置かれると血が衰弱し、全ダイスプールに［世代修正値］分のペナルティを受けます。,執着 (Obsession): 周囲にある美しい物体、人物、芸術的パフォーマンスに完全に心を奪われ固執します。周囲に美しいものが存在しない場合は、感性を害した下品で醜い要素を破壊しようと激昂します。,予見（Auspex）、迅速（Celerity）、威厳（Presence）の3つの訓えを標準で習得可能です。,セレリティ (迅速・疾駆),超人的な反射速度、瞬発力、時間感覚の加速を可能にする神速の訓え。目にも留まらぬ速度で移動し、攻撃を回避し、複数回の手番を行う。,2,神速の作業 (Rush Job),2-dot Mental Celerity,アクション (Action),精神: 機知 (Wits),1ヴィータイ (1 Vitae),なし (None),術者自身 (Self),即時 (Instant),複雑な手作業（ピッキング、武器組立、捜索等）を数秒で完了する。,ピッキング、銃器の分解組立、部屋の捜索など、本来なら数分から数十分を要する精密な物理作業を、わずか数秒で完璧に完了させる。,"•••: 数時間かかる膨大な作業をわずか1分で完了させることができる。
•••••: 暗号化された複雑な文書を一瞬で解読・筆写できる。","Complete complex manual tasks (picking locks, assembling weapons, searching a room) in mere seconds rather than minutes.","•••: Complete hours of work in one minute.
•••••: Decipher encrypted text in moments."
トレアドール,Toreador,美は永遠であり、それへの我らの渇望もまた永遠である。,前衛芸術家、ファッションデザイナー、スーパーモデル、画廊オーナー、ポップアイドル、辛口の美術批評家,「薔薇の氏族」として知られるトレアドールは、美こそが永遠の命を生きる唯一の価値であると信じています。芸術、情熱、歓喜、そして苦悶のすべてを極限まで感じ取ることによってのみ、不死者が陥る無感動の腐敗を防ぐことができると考えます。彼らは人間と吸血鬼の上流社交界の頂点に君臨し、流行を作り出し、一瞥で他者の評価を天国にも地獄にも落とす審美眼とカリスマを誇ります。,偶像 / 執念深き職人 (Obsessive Artisan): 美、完璧さ、圧倒的な感情の高まりに魅了されます。卓越した芸術を創造し、崇高な傑作や感情に触れ、人々からの熱狂的な称賛を浴びることで獣を満たします。,美への飢え (Starved for Beauty): 超自然的な美的感受性が極めて過敏です。殺風景、不潔、工業的、または美的優雅さに欠ける環境に置かれると血が衰弱し、全ダイスプールに［世代修正値］分のペナルティを受けます。,執着 (Obsession): 周囲にある美しい物体、人物、芸術的パフォーマンスに完全に心を奪われ固執します。周囲に美しいものが存在しない場合は、感性を害した下品で醜い要素を破壊しようと激昂します。,予見（Auspex）、迅速（Celerity）、威厳（Presence）の3つの訓えを標準で習得可能です。,セレリティ (迅速・疾駆),超人的な反射速度、瞬発力、時間感覚の加速を可能にする神速の訓え。目にも留まらぬ速度で移動し、攻撃を回避し、複数回の手番を行う。,2,優雅なる身のこなし (Willful Grace),2-dot Physical Celerity,アクション (Action),肉体: 敏捷力 (Dexterity),意志力1点 (1 Willpower),なし (None),術者自身 (Self),1シーン (One scene),軽業・平衡感覚のテストで自動成功を得て、滑らかに移動する。,アクロバット、敏捷性、平衡感覚に関するテストで自動成功を獲得し、あらゆる悪路や危険な地形を一切の滞りなく優雅に滑走する。,"•••: 転倒（足払い）や組み付き攻撃に対して完全な耐性を得る。
•••••: 莫大な距離を羽毛のように軽々と跳躍できる。","Gain automatic successes on acrobatics, agility, and balance tests, gliding effortlessly through hazardous terrain.","•••: Immune to being tripped or grappled.
•••••: Can leap enormous distances effortlessly."
トレアドール,Toreador,美は永遠であり、それへの我らの渇望もまた永遠である。,前衛芸術家、ファッションデザイナー、スーパーモデル、画廊オーナー、ポップアイドル、辛口の美術批評家,「薔薇の氏族」として知られるトレアドールは、美こそが永遠の命を生きる唯一の価値であると信じています。芸術、情熱、歓喜、そして苦悶のすべてを極限まで感じ取ることによってのみ、不死者が陥る無感動の腐敗を防ぐことができると考えます。彼らは人間と吸血鬼の上流社交界の頂点に君臨し、流行を作り出し、一瞥で他者の評価を天国にも地獄にも落とす審美眼とカリスマを誇ります。,偶像 / 執念深き職人 (Obsessive Artisan): 美、完璧さ、圧倒的な感情の高まりに魅了されます。卓越した芸術を創造し、崇高な傑作や感情に触れ、人々からの熱狂的な称賛を浴びることで獣を満たします。,美への飢え (Starved for Beauty): 超自然的な美的感受性が極めて過敏です。殺風景、不潔、工業的、または美的優雅さに欠ける環境に置かれると血が衰弱し、全ダイスプールに［世代修正値］分のペナルティを受けます。,執着 (Obsession): 周囲にある美しい物体、人物、芸術的パフォーマンスに完全に心を奪われ固執します。周囲に美しいものが存在しない場合は、感性を害した下品で醜い要素を破壊しようと激昂します。,予見（Auspex）、迅速（Celerity）、威厳（Presence）の3つの訓えを標準で習得可能です。,セレリティ (迅速・疾駆),超人的な反射速度、瞬発力、時間感覚の加速を可能にする神速の訓え。目にも留まらぬ速度で移動し、攻撃を回避し、複数回の手番を行う。,3,残像の突破 (Blurred Passage),3-dot Physical Celerity,アクション (Action),肉体: 敏捷力 (Dexterity),2ヴィータイ (2 Vitae),なし (None),術者自身 (Self),即時 (Instant),分子レベルで肉体を高速振動させ、壁や扉をすり抜ける。,肉体の分子振動を極限まで加速させることで、固体の壁や強固な扉を傷つけることなくそのまま通り抜ける。,•••••: 銀行の金庫扉のような軍事規格の強化装甲壁をもすり抜けられる。,Vibrate your molecules so fast that you phase through a solid wall or door without damage.,•••••: Can phase through bank-grade reinforced barriers.
トレアドール,Toreador,美は永遠であり、それへの我らの渇望もまた永遠である。,前衛芸術家、ファッションデザイナー、スーパーモデル、画廊オーナー、ポップアイドル、辛口の美術批評家,「薔薇の氏族」として知られるトレアドールは、美こそが永遠の命を生きる唯一の価値であると信じています。芸術、情熱、歓喜、そして苦悶のすべてを極限まで感じ取ることによってのみ、不死者が陥る無感動の腐敗を防ぐことができると考えます。彼らは人間と吸血鬼の上流社交界の頂点に君臨し、流行を作り出し、一瞥で他者の評価を天国にも地獄にも落とす審美眼とカリスマを誇ります。,偶像 / 執念深き職人 (Obsessive Artisan): 美、完璧さ、圧倒的な感情の高まりに魅了されます。卓越した芸術を創造し、崇高な傑作や感情に触れ、人々からの熱狂的な称賛を浴びることで獣を満たします。,美への飢え (Starved for Beauty): 超自然的な美的感受性が極めて過敏です。殺風景、不潔、工業的、または美的優雅さに欠ける環境に置かれると血が衰弱し、全ダイスプールに［世代修正値］分のペナルティを受けます。,執着 (Obsession): 周囲にある美しい物体、人物、芸術的パフォーマンスに完全に心を奪われ固執します。周囲に美しいものが存在しない場合は、感性を害した下品で醜い要素を破壊しようと激昂します。,予見（Auspex）、迅速（Celerity）、威厳（Presence）の3つの訓えを標準で習得可能です。,セレリティ (迅速・疾駆),超人的な反射速度、瞬発力、時間感覚の加速を可能にする神速の訓え。目にも留まらぬ速度で移動し、攻撃を回避し、複数回の手番を行う。,3,闘士の捷速 (Fighter's Alacrity),3-dot Physical Celerity,アクション (Action),肉体: 敏捷力 (Dexterity),2ヴィータイ (2 Vitae),なし (None),術者自身 (Self),1ターン (One turn),1戦闘ラウンド中に2回分の完全な手番を行い、連続行動する。,他者が反応する隙を与えず、1つの戦闘ラウンド中に完全な2回の手番（移動およびアクション）を実行する。,•••••: 1戦闘ラウンド中に3回分の完全な手番を実行可能になる。,"Take two full turns in a single combat round, moving and attacking before others can react.",•••••: Take three full turns in a combat round.
トレアドール,Toreador,美は永遠であり、それへの我らの渇望もまた永遠である。,前衛芸術家、ファッションデザイナー、スーパーモデル、画廊オーナー、ポップアイドル、辛口の美術批評家,「薔薇の氏族」として知られるトレアドールは、美こそが永遠の命を生きる唯一の価値であると信じています。芸術、情熱、歓喜、そして苦悶のすべてを極限まで感じ取ることによってのみ、不死者が陥る無感動の腐敗を防ぐことができると考えます。彼らは人間と吸血鬼の上流社交界の頂点に君臨し、流行を作り出し、一瞥で他者の評価を天国にも地獄にも落とす審美眼とカリスマを誇ります。,偶像 / 執念深き職人 (Obsessive Artisan): 美、完璧さ、圧倒的な感情の高まりに魅了されます。卓越した芸術を創造し、崇高な傑作や感情に触れ、人々からの熱狂的な称賛を浴びることで獣を満たします。,美への飢え (Starved for Beauty): 超自然的な美的感受性が極めて過敏です。殺風景、不潔、工業的、または美的優雅さに欠ける環境に置かれると血が衰弱し、全ダイスプールに［世代修正値］分のペナルティを受けます。,執着 (Obsession): 周囲にある美しい物体、人物、芸術的パフォーマンスに完全に心を奪われ固執します。周囲に美しいものが存在しない場合は、感性を害した下品で醜い要素を破壊しようと激昂します。,予見（Auspex）、迅速（Celerity）、威厳（Presence）の3つの訓えを標準で習得可能です。,プレゼンス (威厳・魅了),自らのカリスマとオーラを増幅させ、周囲の者を畏怖させ、魅了し、心酔させて狂乱をも鎮める社交と感情操作の訓え。,1,畏怖のオーラ (Awe),1-dot Social Presence,アクション (Action),社会: カリスマ (Charisma),なし (None),対象の平静 (Target's Composure),近距離 (Near),1シーン (One scene),圧倒的なカリスマを放ち、周囲の者を魅了して反抗心を奪う。,強烈な超自然的オーラを放ち、周囲の視線と関心を一身に集める。目撃者は術者の魅力に心を奪われ、発言の一言一句に聞き惚れて敵対心を失う。,なし,"Radiate intense supernatural allure. Onlookers are captivated, hanging on your every word.",None
トレアドール,Toreador,美は永遠であり、それへの我らの渇望もまた永遠である。,前衛芸術家、ファッションデザイナー、スーパーモデル、画廊オーナー、ポップアイドル、辛口の美術批評家,「薔薇の氏族」として知られるトレアドールは、美こそが永遠の命を生きる唯一の価値であると信じています。芸術、情熱、歓喜、そして苦悶のすべてを極限まで感じ取ることによってのみ、不死者が陥る無感動の腐敗を防ぐことができると考えます。彼らは人間と吸血鬼の上流社交界の頂点に君臨し、流行を作り出し、一瞥で他者の評価を天国にも地獄にも落とす審美眼とカリスマを誇ります。,偶像 / 執念深き職人 (Obsessive Artisan): 美、完璧さ、圧倒的な感情の高まりに魅了されます。卓越した芸術を創造し、崇高な傑作や感情に触れ、人々からの熱狂的な称賛を浴びることで獣を満たします。,美への飢え (Starved for Beauty): 超自然的な美的感受性が極めて過敏です。殺風景、不潔、工業的、または美的優雅さに欠ける環境に置かれると血が衰弱し、全ダイスプールに［世代修正値］分のペナルティを受けます。,執着 (Obsession): 周囲にある美しい物体、人物、芸術的パフォーマンスに完全に心を奪われ固執します。周囲に美しいものが存在しない場合は、感性を害した下品で醜い要素を破壊しようと激昂します。,予見（Auspex）、迅速（Celerity）、威厳（Presence）の3つの訓えを標準で習得可能です。,プレゼンス (威厳・魅了),自らのカリスマとオーラを増幅させ、周囲の者を畏怖させ、魅了し、心酔させて狂乱をも鎮める社交と感情操作の訓え。,1,威圧の眼差し (Dread Gaze),1-dot Social Presence,アクション (Action),社会: カリスマ (Charisma),なし (None),対象の平静 (Target's Composure),視線が通る距離 (Line of sight),1シーン (One scene),捕食者の威容を眼差しで示し、対象を恐怖に震え上がらせて逃走させる。,魂の奥底に潜む恐るべき怪物の本質を一瞥によって露わにし、指定した対象を盲目的な恐怖に陥れてその場から逃走させる。,"•••: 対象が恐怖のあまりその場に硬直・麻痺する。
•••••: 対象が恐怖で失神するか、心停止ショックを起こす。","Reveal the monstrous predator within your soul, sending a chosen target fleeing in blind terror.","•••: Target is paralyzed with dread.
•••••: Target faints or suffers heart attack."
トレアドール,Toreador,美は永遠であり、それへの我らの渇望もまた永遠である。,前衛芸術家、ファッションデザイナー、スーパーモデル、画廊オーナー、ポップアイドル、辛口の美術批評家,「薔薇の氏族」として知られるトレアドールは、美こそが永遠の命を生きる唯一の価値であると信じています。芸術、情熱、歓喜、そして苦悶のすべてを極限まで感じ取ることによってのみ、不死者が陥る無感動の腐敗を防ぐことができると考えます。彼らは人間と吸血鬼の上流社交界の頂点に君臨し、流行を作り出し、一瞥で他者の評価を天国にも地獄にも落とす審美眼とカリスマを誇ります。,偶像 / 執念深き職人 (Obsessive Artisan): 美、完璧さ、圧倒的な感情の高まりに魅了されます。卓越した芸術を創造し、崇高な傑作や感情に触れ、人々からの熱狂的な称賛を浴びることで獣を満たします。,美への飢え (Starved for Beauty): 超自然的な美的感受性が極めて過敏です。殺風景、不潔、工業的、または美的優雅さに欠ける環境に置かれると血が衰弱し、全ダイスプールに［世代修正値］分のペナルティを受けます。,執着 (Obsession): 周囲にある美しい物体、人物、芸術的パフォーマンスに完全に心を奪われ固執します。周囲に美しいものが存在しない場合は、感性を害した下品で醜い要素を破壊しようと激昂します。,予見（Auspex）、迅速（Celerity）、威厳（Presence）の3つの訓えを標準で習得可能です。,プレゼンス (威厳・魅了),自らのカリスマとオーラを増幅させ、周囲の者を畏怖させ、魅了し、心酔させて狂乱をも鎮める社交と感情操作の訓え。,1,情動の増幅 (Impassion),1-dot Social Presence,アクション (Action),社会: カリスマ (Charisma),1ヴィータイ (1 Vitae),対象の平静 (Target's Composure),近距離 (Near),1シーン (One scene),対象の特定の感情（怒り、愛欲、悲哀、狂喜等）を強烈に煽り立てる。,対象の特定の感情（激怒、情欲、悲嘆、歓喜など）を増幅・刺激し、理性を失わせて衝動的な行動へと駆り立てる。,"•••: 単一の対象だけでなく、群衆全体に感情を波及させる。
•••••: 対象を狂信的な行動へと駆り立てる。","Amplify a specific emotion (rage, lust, grief, joy) in a target, driving them to erratic behavior.","•••: Affects crowds.
•••••: Drives target to fanatical action."
トレアドール,Toreador,美は永遠であり、それへの我らの渇望もまた永遠である。,前衛芸術家、ファッションデザイナー、スーパーモデル、画廊オーナー、ポップアイドル、辛口の美術批評家,「薔薇の氏族」として知られるトレアドールは、美こそが永遠の命を生きる唯一の価値であると信じています。芸術、情熱、歓喜、そして苦悶のすべてを極限まで感じ取ることによってのみ、不死者が陥る無感動の腐敗を防ぐことができると考えます。彼らは人間と吸血鬼の上流社交界の頂点に君臨し、流行を作り出し、一瞥で他者の評価を天国にも地獄にも落とす審美眼とカリスマを誇ります。,偶像 / 執念深き職人 (Obsessive Artisan): 美、完璧さ、圧倒的な感情の高まりに魅了されます。卓越した芸術を創造し、崇高な傑作や感情に触れ、人々からの熱狂的な称賛を浴びることで獣を満たします。,美への飢え (Starved for Beauty): 超自然的な美的感受性が極めて過敏です。殺風景、不潔、工業的、または美的優雅さに欠ける環境に置かれると血が衰弱し、全ダイスプールに［世代修正値］分のペナルティを受けます。,執着 (Obsession): 周囲にある美しい物体、人物、芸術的パフォーマンスに完全に心を奪われ固執します。周囲に美しいものが存在しない場合は、感性を害した下品で醜い要素を破壊しようと激昂します。,予見（Auspex）、迅速（Celerity）、威厳（Presence）の3つの訓えを標準で習得可能です。,プレゼンス (威厳・魅了),自らのカリスマとオーラを増幅させ、周囲の者を畏怖させ、魅了し、心酔させて狂乱をも鎮める社交と感情操作の訓え。,2,魅惑の視線 (Captivating Gaze),2-dot Social Presence,アクション (Action),社会: カリスマ (Charisma),1ヴィータイ (1 Vitae),対象の決意 (Target's Resolve),アイコンタクト/目を合わせた状態 (Eye contact),集中維持中 (Sustained),強烈な見つめ合いで対象をその場に硬直させ、発言や行動を封じる。,対象と視線を交差させ、その場に釘付けにする。術者が視線を維持している限り、対象は一歩も動けず、声を発することもできない。,"•••: 簡単な手招きや身振りによって対象を誘導できる。
•••••: 対象を深い催眠トランス状態に沈め込む。","Lock eyes with a victim, freezing them in place. They cannot move or speak as long as you maintain eye contact.","•••: Target obeys simple hand gestures.
•••••: Target falls into deep trance."
トレアドール,Toreador,美は永遠であり、それへの我らの渇望もまた永遠である。,前衛芸術家、ファッションデザイナー、スーパーモデル、画廊オーナー、ポップアイドル、辛口の美術批評家,「薔薇の氏族」として知られるトレアドールは、美こそが永遠の命を生きる唯一の価値であると信じています。芸術、情熱、歓喜、そして苦悶のすべてを極限まで感じ取ることによってのみ、不死者が陥る無感動の腐敗を防ぐことができると考えます。彼らは人間と吸血鬼の上流社交界の頂点に君臨し、流行を作り出し、一瞥で他者の評価を天国にも地獄にも落とす審美眼とカリスマを誇ります。,偶像 / 執念深き職人 (Obsessive Artisan): 美、完璧さ、圧倒的な感情の高まりに魅了されます。卓越した芸術を創造し、崇高な傑作や感情に触れ、人々からの熱狂的な称賛を浴びることで獣を満たします。,美への飢え (Starved for Beauty): 超自然的な美的感受性が極めて過敏です。殺風景、不潔、工業的、または美的優雅さに欠ける環境に置かれると血が衰弱し、全ダイスプールに［世代修正値］分のペナルティを受けます。,執着 (Obsession): 周囲にある美しい物体、人物、芸術的パフォーマンスに完全に心を奪われ固執します。周囲に美しいものが存在しない場合は、感性を害した下品で醜い要素を破壊しようと激昂します。,予見（Auspex）、迅速（Celerity）、威厳（Presence）の3つの訓えを標準で習得可能です。,プレゼンス (威厳・魅了),自らのカリスマとオーラを増幅させ、周囲の者を畏怖させ、魅了し、心酔させて狂乱をも鎮める社交と感情操作の訓え。,2,平穏の回復 (Compose Yourself),2-dot Social Presence,アクション (Action),社会: カリスマ (Charisma),意志力1点 (1 Willpower),なし (None),接触 (Touch),1シーン (One scene),触れた味方の恐怖や狂乱を瞬時に鎮め、冷静さを取り戻させる。,味方に手を触れることで、恐怖狂乱や激怒狂乱に陥っている対象を即座に正気に引き戻し、平穏と自制心を回復させる。,"•••: 人間に超自然的な勇気と平穏を植え付ける。
•••••: 失われた意志力（Willpower）を回復させる。","Touch an ally to immediately snap them out of terror or frenzy, restoring their calm and composure.","•••: Instills unnatural bravery in mortals.
•••••: Restores lost Willpower."
トレアドール,Toreador,美は永遠であり、それへの我らの渇望もまた永遠である。,前衛芸術家、ファッションデザイナー、スーパーモデル、画廊オーナー、ポップアイドル、辛口の美術批評家,「薔薇の氏族」として知られるトレアドールは、美こそが永遠の命を生きる唯一の価値であると信じています。芸術、情熱、歓喜、そして苦悶のすべてを極限まで感じ取ることによってのみ、不死者が陥る無感動の腐敗を防ぐことができると考えます。彼らは人間と吸血鬼の上流社交界の頂点に君臨し、流行を作り出し、一瞥で他者の評価を天国にも地獄にも落とす審美眼とカリスマを誇ります。,偶像 / 執念深き職人 (Obsessive Artisan): 美、完璧さ、圧倒的な感情の高まりに魅了されます。卓越した芸術を創造し、崇高な傑作や感情に触れ、人々からの熱狂的な称賛を浴びることで獣を満たします。,美への飢え (Starved for Beauty): 超自然的な美的感受性が極めて過敏です。殺風景、不潔、工業的、または美的優雅さに欠ける環境に置かれると血が衰弱し、全ダイスプールに［世代修正値］分のペナルティを受けます。,執着 (Obsession): 周囲にある美しい物体、人物、芸術的パフォーマンスに完全に心を奪われ固執します。周囲に美しいものが存在しない場合は、感性を害した下品で醜い要素を破壊しようと激昂します。,予見（Auspex）、迅速（Celerity）、威厳（Presence）の3つの訓えを標準で習得可能です。,プレゼンス (威厳・魅了),自らのカリスマとオーラを増幅させ、周囲の者を畏怖させ、魅了し、心酔させて狂乱をも鎮める社交と感情操作の訓え。,2,残留する存在感 (Lingering Presence),2-dot Social Presence,アクション (Action),社会: 操作力 (Manipulation),1ヴィータイ (1 Vitae),なし (None),接触 (Touch),1夜 (One night),部屋や場所に畏怖や魅了のオーラを刻印し、退室後も影響を与える。,退室後も長時間にわたり、自らのカリスマや恐怖の残留オーラをその場所に残し、足を踏み入れた者に影響を与える。,なし,Leave an aura of awe or fear in a room that affects anyone who enters hours after you leave.,None
トレアドール,Toreador,美は永遠であり、それへの我らの渇望もまた永遠である。,前衛芸術家、ファッションデザイナー、スーパーモデル、画廊オーナー、ポップアイドル、辛口の美術批評家,「薔薇の氏族」として知られるトレアドールは、美こそが永遠の命を生きる唯一の価値であると信じています。芸術、情熱、歓喜、そして苦悶のすべてを極限まで感じ取ることによってのみ、不死者が陥る無感動の腐敗を防ぐことができると考えます。彼らは人間と吸血鬼の上流社交界の頂点に君臨し、流行を作り出し、一瞥で他者の評価を天国にも地獄にも落とす審美眼とカリスマを誇ります。,偶像 / 執念深き職人 (Obsessive Artisan): 美、完璧さ、圧倒的な感情の高まりに魅了されます。卓越した芸術を創造し、崇高な傑作や感情に触れ、人々からの熱狂的な称賛を浴びることで獣を満たします。,美への飢え (Starved for Beauty): 超自然的な美的感受性が極めて過敏です。殺風景、不潔、工業的、または美的優雅さに欠ける環境に置かれると血が衰弱し、全ダイスプールに［世代修正値］分のペナルティを受けます。,執着 (Obsession): 周囲にある美しい物体、人物、芸術的パフォーマンスに完全に心を奪われ固執します。周囲に美しいものが存在しない場合は、感性を害した下品で醜い要素を破壊しようと激昂します。,予見（Auspex）、迅速（Celerity）、威厳（Presence）の3つの訓えを標準で習得可能です。,プレゼンス (威厳・魅了),自らのカリスマとオーラを増幅させ、周囲の者を畏怖させ、魅了し、心酔させて狂乱をも鎮める社交と感情操作の訓え。,3,心酔 (Entrancement),3-dot Social Presence,アクション (Action),社会: カリスマ (Charisma),2ヴィータイ (2 Vitae),対象の決意 (Target's Resolve),視線が通る距離 (Line of sight),1夜 (One night),対象を熱狂的な崇拝者に仕立て上げ、喜んで命令を聞き入れさせる。,対象の心を深く魅了し、術者を最も敬愛する存在として信奉させる。対象は術者からのあらゆる願いや要求を喜んで実行する。,•••••: 効果が数週間から数ヶ月間にわたって持続する。,"Enthrall a subject so deeply that they regard you as their most beloved idol, obeying requests gladly.",•••••: Lasts for weeks or months.
トレアドール,Toreador,美は永遠であり、それへの我らの渇望もまた永遠である。,前衛芸術家、ファッションデザイナー、スーパーモデル、画廊オーナー、ポップアイドル、辛口の美術批評家,「薔薇の氏族」として知られるトレアドールは、美こそが永遠の命を生きる唯一の価値であると信じています。芸術、情熱、歓喜、そして苦悶のすべてを極限まで感じ取ることによってのみ、不死者が陥る無感動の腐敗を防ぐことができると考えます。彼らは人間と吸血鬼の上流社交界の頂点に君臨し、流行を作り出し、一瞥で他者の評価を天国にも地獄にも落とす審美眼とカリスマを誇ります。,偶像 / 執念深き職人 (Obsessive Artisan): 美、完璧さ、圧倒的な感情の高まりに魅了されます。卓越した芸術を創造し、崇高な傑作や感情に触れ、人々からの熱狂的な称賛を浴びることで獣を満たします。,美への飢え (Starved for Beauty): 超自然的な美的感受性が極めて過敏です。殺風景、不潔、工業的、または美的優雅さに欠ける環境に置かれると血が衰弱し、全ダイスプールに［世代修正値］分のペナルティを受けます。,執着 (Obsession): 周囲にある美しい物体、人物、芸術的パフォーマンスに完全に心を奪われ固執します。周囲に美しいものが存在しない場合は、感性を害した下品で醜い要素を破壊しようと激昂します。,予見（Auspex）、迅速（Celerity）、威厳（Presence）の3つの訓えを標準で習得可能です。,プレゼンス (威厳・魅了),自らのカリスマとオーラを増幅させ、周囲の者を畏怖させ、魅了し、心酔させて狂乱をも鎮める社交と感情操作の訓え。,3,威風堂々 (Majesty),3-dot Social Presence,アクション (Action),社会: カリスマ (Charisma),2ヴィータイ (2 Vitae),対象の決意 (Target's Resolve),近距離 (Near),1シーン (One scene),神のごとき威厳を放ち、何者も攻撃や侮辱を行えないように屈服させる。,超越的かつ恐るべき神性のオーラを身に纏う。圧倒的な畏怖を克服するテストに成功しない限り、何者も術者を攻撃したり侮辱したりすることができない。,•••••: 人間がその場にひれ伏して平伏する。,"Assume an aura of transcendent, terrible divinity. No one can attack or insult you without overcoming crushing awe.",•••••: Mortals fall prostrate on the ground.
ヴェントルー,Ventrue,支配することは、我らの生得の権利であり最大の重責である。,ヘッジファンド代表、政界のロビイスト、伝統ある名家の後継者、マフィアのボス、冷徹な軍事指揮官,「王の氏族」と呼ばれるヴェントルーは、統治こそが血統と歴史によって自らに課せられた天命であり、最大の義務であると信じています。吸血鬼社会の法と秩序（マスカレード）を守り、混沌の中で組織を率いて導く重責を誇り高く背負います。彼らは大企業、金融帝国、政治機構、司法組織を背後から掌握し、貴族的な自負と揺るぎなき意志の力で頂点に君臨し続けます。,優越者 / 君主の特権 (Ruler's Prerogative): 他者からの服従と自らの優越的立場の承認を求めます。部下が遵守する命令を下し、支配領域を拡大し、不服従の者を屈服させることで獣を満たします。,洗練されすぎた味覚 (Rarefied Palate): 血が特定の厳格な基準（例：特定血統、特定の思想、貴族の末裔、軍高官など）を満たす獲物以外の血を拒絶します。条件外の獲物から吸血した場合、血を激しく吐き戻して栄養を得られません。,傲慢 (Arrogance): 貴族的な誇りが暴君の激怒へと変貌します。その場にいる全員に即座の服従と平伏を要求し、頭を下げない者に対して自らの覇権が認められるまで攻撃を止めません。,支配（Dominate）、堅牢（Fortitude）、威厳（Presence）の3つの訓えを標準で習得可能です。,ドミネイト (支配・威圧),視線を合わせることで他者の自由意志を制圧し、絶対的な命令に従わせ、記憶を消去・改ざんする精神統制の訓え。,1,記憶の霧散 (Cloud Memory),1-dot Mental Dominate,アクション (Action),社会: 操作力 (Manipulation),なし (None),対象の決意 (Target's Resolve),アイコンタクト/目を合わせた状態 (Eye contact),永続 (Permanent),直前数分間の記憶を消去するか、無害な記憶に改ざんする。,視線を合わせた対象の過去数分間の記憶を完全に消し去るか、都合の良い曖昧で無害な記憶へとすり替える。,なし,"Erase the last few minutes of a target's memory or replace them with a vague, harmless recollection.",None
ヴェントルー,Ventrue,支配することは、我らの生得の権利であり最大の重責である。,ヘッジファンド代表、政界のロビイスト、伝統ある名家の後継者、マフィアのボス、冷徹な軍事指揮官,「王の氏族」と呼ばれるヴェントルーは、統治こそが血統と歴史によって自らに課せられた天命であり、最大の義務であると信じています。吸血鬼社会の法と秩序（マスカレード）を守り、混沌の中で組織を率いて導く重責を誇り高く背負います。彼らは大企業、金融帝国、政治機構、司法組織を背後から掌握し、貴族的な自負と揺るぎなき意志の力で頂点に君臨し続けます。,優越者 / 君主の特権 (Ruler's Prerogative): 他者からの服従と自らの優越的立場の承認を求めます。部下が遵守する命令を下し、支配領域を拡大し、不服従の者を屈服させることで獣を満たします。,洗練されすぎた味覚 (Rarefied Palate): 血が特定の厳格な基準（例：特定血統、特定の思想、貴族の末裔、軍高官など）を満たす獲物以外の血を拒絶します。条件外の獲物から吸血した場合、血を激しく吐き戻して栄養を得られません。,傲慢 (Arrogance): 貴族的な誇りが暴君の激怒へと変貌します。その場にいる全員に即座の服従と平伏を要求し、頭を下げない者に対して自らの覇権が認められるまで攻撃を止めません。,支配（Dominate）、堅牢（Fortitude）、威厳（Presence）の3つの訓えを標準で習得可能です。,ドミネイト (支配・威圧),視線を合わせることで他者の自由意志を制圧し、絶対的な命令に従わせ、記憶を消去・改ざんする精神統制の訓え。,1,一言の命令 (Command),1-dot Mental Dominate,アクション (Action),社会: カリスマ (Charisma),なし (None),対象の決意 (Target's Resolve),アイコンタクト/目を合わせた状態 (Eye contact),1ターン (One turn),「止まれ」「落とせ」等の一言の命令で対象を即座に従わせる。,視線を固定し、1語の簡潔な命令（「止まれ」「走れ」「落とせ」「眠れ」など）を下す。対象はその手番ですぐに命令に従わなければならない。,なし,"Lock eyes and issue a one-word command ('Halt', 'Drop', 'Run', 'Sleep') that the target must obey immediately.",None
ヴェントルー,Ventrue,支配することは、我らの生得の権利であり最大の重責である。,ヘッジファンド代表、政界のロビイスト、伝統ある名家の後継者、マフィアのボス、冷徹な軍事指揮官,「王の氏族」と呼ばれるヴェントルーは、統治こそが血統と歴史によって自らに課せられた天命であり、最大の義務であると信じています。吸血鬼社会の法と秩序（マスカレード）を守り、混沌の中で組織を率いて導く重責を誇り高く背負います。彼らは大企業、金融帝国、政治機構、司法組織を背後から掌握し、貴族的な自負と揺るぎなき意志の力で頂点に君臨し続けます。,優越者 / 君主の特権 (Ruler's Prerogative): 他者からの服従と自らの優越的立場の承認を求めます。部下が遵守する命令を下し、支配領域を拡大し、不服従の者を屈服させることで獣を満たします。,洗練されすぎた味覚 (Rarefied Palate): 血が特定の厳格な基準（例：特定血統、特定の思想、貴族の末裔、軍高官など）を満たす獲物以外の血を拒絶します。条件外の獲物から吸血した場合、血を激しく吐き戻して栄養を得られません。,傲慢 (Arrogance): 貴族的な誇りが暴君の激怒へと変貌します。その場にいる全員に即座の服従と平伏を要求し、頭を下げない者に対して自らの覇権が認められるまで攻撃を止めません。,支配（Dominate）、堅牢（Fortitude）、威厳（Presence）の3つの訓えを標準で習得可能です。,ドミネイト (支配・威圧),視線を合わせることで他者の自由意志を制圧し、絶対的な命令に従わせ、記憶を消去・改ざんする精神統制の訓え。,1,催眠の命令 (Mesmerize),1-dot Mental Dominate,アクション (Action),社会: 操作力 (Manipulation),意志力1点 (1 Willpower),対象の決意 (Target's Resolve),アイコンタクト/目を合わせた状態 (Eye contact),命令完遂まで (Until completed),複雑な一連の指示を刷り込み、命令されたことすら忘れて実行させる。,対象の深層心理に詳細な命令を埋め込む。対象は術者から命じられた事実を忘れ、自発的な行動と信じ込んで命令を忠実に完遂する。,"•••: 特定の条件で発動するポスト催眠トリガーを埋め込める。
•••••: 数日後に発動する複雑な時限命令をも実行させられる。","Implant detailed instructions that the target will carry out faithfully, forgetting that you ordered them to do so.","•••: Can implant post-hypnotic triggers.
•••••: Subject obeys commands days later."
ヴェントルー,Ventrue,支配することは、我らの生得の権利であり最大の重責である。,ヘッジファンド代表、政界のロビイスト、伝統ある名家の後継者、マフィアのボス、冷徹な軍事指揮官,「王の氏族」と呼ばれるヴェントルーは、統治こそが血統と歴史によって自らに課せられた天命であり、最大の義務であると信じています。吸血鬼社会の法と秩序（マスカレード）を守り、混沌の中で組織を率いて導く重責を誇り高く背負います。彼らは大企業、金融帝国、政治機構、司法組織を背後から掌握し、貴族的な自負と揺るぎなき意志の力で頂点に君臨し続けます。,優越者 / 君主の特権 (Ruler's Prerogative): 他者からの服従と自らの優越的立場の承認を求めます。部下が遵守する命令を下し、支配領域を拡大し、不服従の者を屈服させることで獣を満たします。,洗練されすぎた味覚 (Rarefied Palate): 血が特定の厳格な基準（例：特定血統、特定の思想、貴族の末裔、軍高官など）を満たす獲物以外の血を拒絶します。条件外の獲物から吸血した場合、血を激しく吐き戻して栄養を得られません。,傲慢 (Arrogance): 貴族的な誇りが暴君の激怒へと変貌します。その場にいる全員に即座の服従と平伏を要求し、頭を下げない者に対して自らの覇権が認められるまで攻撃を止めません。,支配（Dominate）、堅牢（Fortitude）、威厳（Presence）の3つの訓えを標準で習得可能です。,ドミネイト (支配・威圧),視線を合わせることで他者の自由意志を制圧し、絶対的な命令に従わせ、記憶を消去・改ざんする精神統制の訓え。,2,狂気の誘発 (Dementation),2-dot Mental Dominate,アクション (Action),社会: 操作力 (Manipulation),1ヴィータイ (1 Vitae),対象の平静 (Target's Composure),アイコンタクト/目を合わせた状態 (Eye contact),1シーン (One scene),一時的な狂気、妄想、感覚の錯乱を引き起こして錯乱させる。,対象の精神の安定を打ち砕き、偏執病（パラノイア）、激しいヒステリー、あるいは知覚の幻覚を引き起こして発狂させる。,"•••: 対象が錯乱し、最も近くにいる人物に無差別攻撃を仕掛ける。
•••••: 対象の狂気が恒久的な精神障害となる。","Drive a target temporarily insane, triggering paranoia, hysteria, or sensory hallucinations.","•••: Target attacks nearest individual.
•••••: Insanity becomes permanent."
ヴェントルー,Ventrue,支配することは、我らの生得の権利であり最大の重責である。,ヘッジファンド代表、政界のロビイスト、伝統ある名家の後継者、マフィアのボス、冷徹な軍事指揮官,「王の氏族」と呼ばれるヴェントルーは、統治こそが血統と歴史によって自らに課せられた天命であり、最大の義務であると信じています。吸血鬼社会の法と秩序（マスカレード）を守り、混沌の中で組織を率いて導く重責を誇り高く背負います。彼らは大企業、金融帝国、政治機構、司法組織を背後から掌握し、貴族的な自負と揺るぎなき意志の力で頂点に君臨し続けます。,優越者 / 君主の特権 (Ruler's Prerogative): 他者からの服従と自らの優越的立場の承認を求めます。部下が遵守する命令を下し、支配領域を拡大し、不服従の者を屈服させることで獣を満たします。,洗練されすぎた味覚 (Rarefied Palate): 血が特定の厳格な基準（例：特定血統、特定の思想、貴族の末裔、軍高官など）を満たす獲物以外の血を拒絶します。条件外の獲物から吸血した場合、血を激しく吐き戻して栄養を得られません。,傲慢 (Arrogance): 貴族的な誇りが暴君の激怒へと変貌します。その場にいる全員に即座の服従と平伏を要求し、頭を下げない者に対して自らの覇権が認められるまで攻撃を止めません。,支配（Dominate）、堅牢（Fortitude）、威厳（Presence）の3つの訓えを標準で習得可能です。,ドミネイト (支配・威圧),視線を合わせることで他者の自由意志を制圧し、絶対的な命令に従わせ、記憶を消去・改ざんする精神統制の訓え。,2,潜伏命令 (Submerged Directive),2-dot Mental Dominate,アクション (Action),社会: 操作力 (Manipulation),意志力1点 (1 Willpower),対象の決意 (Target's Resolve),アイコンタクト/目を合わせた状態 (Eye contact),無期限/トリガー起動まで (Indefinite),特定の合図や状況に反応して起動する潜伏命令を植え付ける。,対象の潜在意識にスリーパー指令を埋め込む。特定の感覚的引き金（特定の単語を聞く、特定の鐘の音など）を感知した際に初めて命令が自動起動する。,"•••: 1人の対象に最大3つの異なるトリガー命令を埋め込める。
•••••: トリガー起動時、対象は主君への裏切りや重大犯罪をもためらわず実行する。",Plant a command that activates only when a specific sensory trigger occurs (e.g. hearing a phrase or chime).,"•••: Can implant up to 3 triggers.
•••••: Target will commit treason when triggered."
ヴェントルー,Ventrue,支配することは、我らの生得の権利であり最大の重責である。,ヘッジファンド代表、政界のロビイスト、伝統ある名家の後継者、マフィアのボス、冷徹な軍事指揮官,「王の氏族」と呼ばれるヴェントルーは、統治こそが血統と歴史によって自らに課せられた天命であり、最大の義務であると信じています。吸血鬼社会の法と秩序（マスカレード）を守り、混沌の中で組織を率いて導く重責を誇り高く背負います。彼らは大企業、金融帝国、政治機構、司法組織を背後から掌握し、貴族的な自負と揺るぎなき意志の力で頂点に君臨し続けます。,優越者 / 君主の特権 (Ruler's Prerogative): 他者からの服従と自らの優越的立場の承認を求めます。部下が遵守する命令を下し、支配領域を拡大し、不服従の者を屈服させることで獣を満たします。,洗練されすぎた味覚 (Rarefied Palate): 血が特定の厳格な基準（例：特定血統、特定の思想、貴族の末裔、軍高官など）を満たす獲物以外の血を拒絶します。条件外の獲物から吸血した場合、血を激しく吐き戻して栄養を得られません。,傲慢 (Arrogance): 貴族的な誇りが暴君の激怒へと変貌します。その場にいる全員に即座の服従と平伏を要求し、頭を下げない者に対して自らの覇権が認められるまで攻撃を止めません。,支配（Dominate）、堅牢（Fortitude）、威厳（Presence）の3つの訓えを標準で習得可能です。,ドミネイト (支配・威圧),視線を合わせることで他者の自由意志を制圧し、絶対的な命令に従わせ、記憶を消去・改ざんする精神統制の訓え。,2,忘却の精神 (The Forgetful Mind),2-dot Mental Dominate,アクション (Action),社会: 操作力 (Manipulation),1ヴィータイ (1 Vitae),対象の決意 (Target's Resolve),アイコンタクト/目を合わせた状態 (Eye contact),永続 (Permanent),数年間にわたる人生の記憶、人間関係、体験を深く書き換える。,対象の記憶の構造に深く入り込み、数年分に及ぶ重要な出来事、愛情や忠誠の対象、誓いなどの記憶を自在に再構築・書き換える。,なし,"Enter the target's mind and systematically rewrite significant memories, relationships, and events.",None
ヴェントルー,Ventrue,支配することは、我らの生得の権利であり最大の重責である。,ヘッジファンド代表、政界のロビイスト、伝統ある名家の後継者、マフィアのボス、冷徹な軍事指揮官,「王の氏族」と呼ばれるヴェントルーは、統治こそが血統と歴史によって自らに課せられた天命であり、最大の義務であると信じています。吸血鬼社会の法と秩序（マスカレード）を守り、混沌の中で組織を率いて導く重責を誇り高く背負います。彼らは大企業、金融帝国、政治機構、司法組織を背後から掌握し、貴族的な自負と揺るぎなき意志の力で頂点に君臨し続けます。,優越者 / 君主の特権 (Ruler's Prerogative): 他者からの服従と自らの優越的立場の承認を求めます。部下が遵守する命令を下し、支配領域を拡大し、不服従の者を屈服させることで獣を満たします。,洗練されすぎた味覚 (Rarefied Palate): 血が特定の厳格な基準（例：特定血統、特定の思想、貴族の末裔、軍高官など）を満たす獲物以外の血を拒絶します。条件外の獲物から吸血した場合、血を激しく吐き戻して栄養を得られません。,傲慢 (Arrogance): 貴族的な誇りが暴君の激怒へと変貌します。その場にいる全員に即座の服従と平伏を要求し、頭を下げない者に対して自らの覇権が認められるまで攻撃を止めません。,支配（Dominate）、堅牢（Fortitude）、威厳（Presence）の3つの訓えを標準で習得可能です。,ドミネイト (支配・威圧),視線を合わせることで他者の自由意志を制圧し、絶対的な命令に従わせ、記憶を消去・改ざんする精神統制の訓え。,3,肉体の憑依 (Possession),3-dot Mental Dominate,アクション (Action),社会: カリスマ (Charisma),2ヴィータイ (2 Vitae),対象の決意 (Target's Resolve),アイコンタクト/目を合わせた状態 (Eye contact),1夜 (One night),人間の肉体に意識を憑依させ、人形のように遠隔操作する。,自身の肉体をトランス状態にして休眠させ、人間の肉体に意識を投影して完全にその肉体を支配・行動させる。,•••••: 人間だけでなく、他の吸血鬼の肉体に憑依することが可能となる。,"Project your consciousness into a mortal's body, controlling their actions while your vampire body lies inert.",•••••: Can possess another vampire.
ヴェントルー,Ventrue,支配することは、我らの生得の権利であり最大の重責である。,ヘッジファンド代表、政界のロビイスト、伝統ある名家の後継者、マフィアのボス、冷徹な軍事指揮官,「王の氏族」と呼ばれるヴェントルーは、統治こそが血統と歴史によって自らに課せられた天命であり、最大の義務であると信じています。吸血鬼社会の法と秩序（マスカレード）を守り、混沌の中で組織を率いて導く重責を誇り高く背負います。彼らは大企業、金融帝国、政治機構、司法組織を背後から掌握し、貴族的な自負と揺るぎなき意志の力で頂点に君臨し続けます。,優越者 / 君主の特権 (Ruler's Prerogative): 他者からの服従と自らの優越的立場の承認を求めます。部下が遵守する命令を下し、支配領域を拡大し、不服従の者を屈服させることで獣を満たします。,洗練されすぎた味覚 (Rarefied Palate): 血が特定の厳格な基準（例：特定血統、特定の思想、貴族の末裔、軍高官など）を満たす獲物以外の血を拒絶します。条件外の獲物から吸血した場合、血を激しく吐き戻して栄養を得られません。,傲慢 (Arrogance): 貴族的な誇りが暴君の激怒へと変貌します。その場にいる全員に即座の服従と平伏を要求し、頭を下げない者に対して自らの覇権が認められるまで攻撃を止めません。,支配（Dominate）、堅牢（Fortitude）、威厳（Presence）の3つの訓えを標準で習得可能です。,ドミネイト (支配・威圧),視線を合わせることで他者の自由意志を制圧し、絶対的な命令に従わせ、記憶を消去・改ざんする精神統制の訓え。,3,自己正当化 (Rationalize),3-dot Mental Dominate,アクション (Action),社会: 操作力 (Manipulation),1ヴィータイ (1 Vitae),対象の決意 (Target's Resolve),近距離 (Near),永続 (Permanent),支配下で行わせた全行動を、対象自身の妙案だったと信じ込ませる。,術者のドミネイトによって実行させられたあらゆる行動について、被害者が「すべて自分自身の自発的かつ素晴らしいアイデアだった」と心から納得・正当化するように固定する。,•••••: 対象が裁判や審問の場でも自らの行動を熱狂的に擁護するようになる。,Ensure the victim genuinely believes all actions taken under your Dominate were their own brilliant ideas.,•••••: Target vigorously defends actions in court.
ヴェントルー,Ventrue,支配することは、我らの生得の権利であり最大の重責である。,ヘッジファンド代表、政界のロビイスト、伝統ある名家の後継者、マフィアのボス、冷徹な軍事指揮官,「王の氏族」と呼ばれるヴェントルーは、統治こそが血統と歴史によって自らに課せられた天命であり、最大の義務であると信じています。吸血鬼社会の法と秩序（マスカレード）を守り、混沌の中で組織を率いて導く重責を誇り高く背負います。彼らは大企業、金融帝国、政治機構、司法組織を背後から掌握し、貴族的な自負と揺るぎなき意志の力で頂点に君臨し続けます。,優越者 / 君主の特権 (Ruler's Prerogative): 他者からの服従と自らの優越的立場の承認を求めます。部下が遵守する命令を下し、支配領域を拡大し、不服従の者を屈服させることで獣を満たします。,洗練されすぎた味覚 (Rarefied Palate): 血が特定の厳格な基準（例：特定血統、特定の思想、貴族の末裔、軍高官など）を満たす獲物以外の血を拒絶します。条件外の獲物から吸血した場合、血を激しく吐き戻して栄養を得られません。,傲慢 (Arrogance): 貴族的な誇りが暴君の激怒へと変貌します。その場にいる全員に即座の服従と平伏を要求し、頭を下げない者に対して自らの覇権が認められるまで攻撃を止めません。,支配（Dominate）、堅牢（Fortitude）、威厳（Presence）の3つの訓えを標準で習得可能です。,フォーティチュード (堅牢・不屈),肉体を岩石や防弾板のように硬化させ、痛みや傷を瞬時に克服し、日光や致死ダメージにすら耐え抜く不死の耐久力の訓え。,1,不死者の忍耐 (Endurance of the Grave),1-dot Physical Fortitude,アクション (Action),肉体: 持久力 (Stamina),なし (None),なし (None),術者自身 (Self),1シーン (One scene),肉体の痛みを完全に無視し、負傷による全ペナルティを無効化する。,死せる肉体ゆえに肉体的苦痛を感じなくなる。負傷や肉体ダメージによって発生するすべてのダイスペナルティを完全に無視する。,なし,Your dead flesh feels no pain. Ignore all dice penalties resulting from physical damage and wounds.,None
ヴェントルー,Ventrue,支配することは、我らの生得の権利であり最大の重責である。,ヘッジファンド代表、政界のロビイスト、伝統ある名家の後継者、マフィアのボス、冷徹な軍事指揮官,「王の氏族」と呼ばれるヴェントルーは、統治こそが血統と歴史によって自らに課せられた天命であり、最大の義務であると信じています。吸血鬼社会の法と秩序（マスカレード）を守り、混沌の中で組織を率いて導く重責を誇り高く背負います。彼らは大企業、金融帝国、政治機構、司法組織を背後から掌握し、貴族的な自負と揺るぎなき意志の力で頂点に君臨し続けます。,優越者 / 君主の特権 (Ruler's Prerogative): 他者からの服従と自らの優越的立場の承認を求めます。部下が遵守する命令を下し、支配領域を拡大し、不服従の者を屈服させることで獣を満たします。,洗練されすぎた味覚 (Rarefied Palate): 血が特定の厳格な基準（例：特定血統、特定の思想、貴族の末裔、軍高官など）を満たす獲物以外の血を拒絶します。条件外の獲物から吸血した場合、血を激しく吐き戻して栄養を得られません。,傲慢 (Arrogance): 貴族的な誇りが暴君の激怒へと変貌します。その場にいる全員に即座の服従と平伏を要求し、頭を下げない者に対して自らの覇権が認められるまで攻撃を止めません。,支配（Dominate）、堅牢（Fortitude）、威厳（Presence）の3つの訓えを標準で習得可能です。,フォーティチュード (堅牢・不屈),肉体を岩石や防弾板のように硬化させ、痛みや傷を瞬時に克服し、日光や致死ダメージにすら耐え抜く不死の耐久力の訓え。,1,強靭なる血の治癒 (Resilient Blood),1-dot Physical Fortitude,リアクション (Reaction),肉体: 持久力 (Stamina),1ヴィータイ (1 Vitae),なし (None),術者自身 (Self),即時 (Instant),骨折や深い傷口を瞬時に修復し、肉体を急速再生する。,折れた骨を繋ぎ合わせ、引き裂かれた傷口を瞬時に塞ぎ、物理攻撃によって失われた耐久力を超自然の血で即座に回復する。,"•••: 破滅的（Aggravated）ダメージすらも即座に修復可能となる。
•••••: 切断された指や抉られた眼球をも一瞬で再生させる。","Mend broken bones and close gaping wounds instantly, recovering Vitae lost to physical attacks.","•••: Mend aggravated damage.
•••••: Regrow severed digits or eyes instantly."
ヴェントルー,Ventrue,支配することは、我らの生得の権利であり最大の重責である。,ヘッジファンド代表、政界のロビイスト、伝統ある名家の後継者、マフィアのボス、冷徹な軍事指揮官,「王の氏族」と呼ばれるヴェントルーは、統治こそが血統と歴史によって自らに課せられた天命であり、最大の義務であると信じています。吸血鬼社会の法と秩序（マスカレード）を守り、混沌の中で組織を率いて導く重責を誇り高く背負います。彼らは大企業、金融帝国、政治機構、司法組織を背後から掌握し、貴族的な自負と揺るぎなき意志の力で頂点に君臨し続けます。,優越者 / 君主の特権 (Ruler's Prerogative): 他者からの服従と自らの優越的立場の承認を求めます。部下が遵守する命令を下し、支配領域を拡大し、不服従の者を屈服させることで獣を満たします。,洗練されすぎた味覚 (Rarefied Palate): 血が特定の厳格な基準（例：特定血統、特定の思想、貴族の末裔、軍高官など）を満たす獲物以外の血を拒絶します。条件外の獲物から吸血した場合、血を激しく吐き戻して栄養を得られません。,傲慢 (Arrogance): 貴族的な誇りが暴君の激怒へと変貌します。その場にいる全員に即座の服従と平伏を要求し、頭を下げない者に対して自らの覇権が認められるまで攻撃を止めません。,支配（Dominate）、堅牢（Fortitude）、威厳（Presence）の3つの訓えを標準で習得可能です。,フォーティチュード (堅牢・不屈),肉体を岩石や防弾板のように硬化させ、痛みや傷を瞬時に克服し、日光や致死ダメージにすら耐え抜く不死の耐久力の訓え。,1,不屈の肉体 (Unyielding Flesh),1-dot Physical Fortitude,アクション (Action),肉体: 持久力 (Stamina),1ヴィータイ (1 Vitae),なし (None),術者自身 (Self),1シーン (One scene),皮膚を防弾石のように硬化させ、装甲値を高める。,皮膚を超自然的に硬化させ、刀剣や銃弾に対する装甲値に［フォーティチュードのドット数］を加える。,"•••: 小口径の銃弾を完全に弾き返し、無力化する。
•••••: 高威力のライフル弾や装甲貫通弾の直撃すらものともせず耐え抜く。",Skin hardens into ballistic stone. Add Fortitude dots to armor value against all physical attacks.,"•••: Completely immune to small caliber bullets.
•••••: Shrug off high-caliber rifle rounds."
ヴェントルー,Ventrue,支配することは、我らの生得の権利であり最大の重責である。,ヘッジファンド代表、政界のロビイスト、伝統ある名家の後継者、マフィアのボス、冷徹な軍事指揮官,「王の氏族」と呼ばれるヴェントルーは、統治こそが血統と歴史によって自らに課せられた天命であり、最大の義務であると信じています。吸血鬼社会の法と秩序（マスカレード）を守り、混沌の中で組織を率いて導く重責を誇り高く背負います。彼らは大企業、金融帝国、政治機構、司法組織を背後から掌握し、貴族的な自負と揺るぎなき意志の力で頂点に君臨し続けます。,優越者 / 君主の特権 (Ruler's Prerogative): 他者からの服従と自らの優越的立場の承認を求めます。部下が遵守する命令を下し、支配領域を拡大し、不服従の者を屈服させることで獣を満たします。,洗練されすぎた味覚 (Rarefied Palate): 血が特定の厳格な基準（例：特定血統、特定の思想、貴族の末裔、軍高官など）を満たす獲物以外の血を拒絶します。条件外の獲物から吸血した場合、血を激しく吐き戻して栄養を得られません。,傲慢 (Arrogance): 貴族的な誇りが暴君の激怒へと変貌します。その場にいる全員に即座の服従と平伏を要求し、頭を下げない者に対して自らの覇権が認められるまで攻撃を止めません。,支配（Dominate）、堅牢（Fortitude）、威厳（Presence）の3つの訓えを標準で習得可能です。,フォーティチュード (堅牢・不屈),肉体を岩石や防弾板のように硬化させ、痛みや傷を瞬時に克服し、日光や致死ダメージにすら耐え抜く不死の耐久力の訓え。,2,陽光への抵抗 (Defy Sunlight),2-dot Physical Fortitude,アクション (Action),肉体: 持久力 (Stamina),2ヴィータイ (2 Vitae),なし (None),術者自身 (Self),訓えドット数に等しいターン数 (Turns = dots),日光の直撃に耐え、即座の炎上を防いでダメージを軽減する。,日光の熱情に耐え抜き、即座に激しく炎上することを防ぐ。日光による破滅的ダメージを通常ダメージへと格下げして耐え忍ぶ。,"•••: 数分間にわたって日光の下で活動できるようになる。
•••••: 最大1時間にわたって白昼の陽光の下で行動できるようになる。",Endure the touch of daylight without immediately burning. Downgrade sunlight damage to normal damage.,"•••: Can operate in sunlight for minutes.
•••••: Can operate in sunlight for one hour."
ヴェントルー,Ventrue,支配することは、我らの生得の権利であり最大の重責である。,ヘッジファンド代表、政界のロビイスト、伝統ある名家の後継者、マフィアのボス、冷徹な軍事指揮官,「王の氏族」と呼ばれるヴェントルーは、統治こそが血統と歴史によって自らに課せられた天命であり、最大の義務であると信じています。吸血鬼社会の法と秩序（マスカレード）を守り、混沌の中で組織を率いて導く重責を誇り高く背負います。彼らは大企業、金融帝国、政治機構、司法組織を背後から掌握し、貴族的な自負と揺るぎなき意志の力で頂点に君臨し続けます。,優越者 / 君主の特権 (Ruler's Prerogative): 他者からの服従と自らの優越的立場の承認を求めます。部下が遵守する命令を下し、支配領域を拡大し、不服従の者を屈服させることで獣を満たします。,洗練されすぎた味覚 (Rarefied Palate): 血が特定の厳格な基準（例：特定血統、特定の思想、貴族の末裔、軍高官など）を満たす獲物以外の血を拒絶します。条件外の獲物から吸血した場合、血を激しく吐き戻して栄養を得られません。,傲慢 (Arrogance): 貴族的な誇りが暴君の激怒へと変貌します。その場にいる全員に即座の服従と平伏を要求し、頭を下げない者に対して自らの覇権が認められるまで攻撃を止めません。,支配（Dominate）、堅牢（Fortitude）、威厳（Presence）の3つの訓えを標準で習得可能です。,フォーティチュード (堅牢・不屈),肉体を岩石や防弾板のように硬化させ、痛みや傷を瞬時に克服し、日光や致死ダメージにすら耐え抜く不死の耐久力の訓え。,2,精神の城塞 (Fortify the Mind),2-dot Mental Fortitude,リアクション (Reaction),精神: 決意 (Resolve),意志力1点 (1 Willpower),なし (None),術者自身 (Self),1シーン (One scene),精神の防御壁を固め、ドミネイトや心理攻撃への抵抗力を高める。,意志の城壁を築き、ドミネイト（支配）、プレゼンス（威厳）、および心理的マインドコントロールに対する抵抗判定プールに［フォーティチュードのドット数］を加える。,なし,"Add Fortitude dots to resistance pools against Dominate, Presence, and psychological manipulation.",None
ヴェントルー,Ventrue,支配することは、我らの生得の権利であり最大の重責である。,ヘッジファンド代表、政界のロビイスト、伝統ある名家の後継者、マフィアのボス、冷徹な軍事指揮官,「王の氏族」と呼ばれるヴェントルーは、統治こそが血統と歴史によって自らに課せられた天命であり、最大の義務であると信じています。吸血鬼社会の法と秩序（マスカレード）を守り、混沌の中で組織を率いて導く重責を誇り高く背負います。彼らは大企業、金融帝国、政治機構、司法組織を背後から掌握し、貴族的な自負と揺るぎなき意志の力で頂点に君臨し続けます。,優越者 / 君主の特権 (Ruler's Prerogative): 他者からの服従と自らの優越的立場の承認を求めます。部下が遵守する命令を下し、支配領域を拡大し、不服従の者を屈服させることで獣を満たします。,洗練されすぎた味覚 (Rarefied Palate): 血が特定の厳格な基準（例：特定血統、特定の思想、貴族の末裔、軍高官など）を満たす獲物以外の血を拒絶します。条件外の獲物から吸血した場合、血を激しく吐き戻して栄養を得られません。,傲慢 (Arrogance): 貴族的な誇りが暴君の激怒へと変貌します。その場にいる全員に即座の服従と平伏を要求し、頭を下げない者に対して自らの覇権が認められるまで攻撃を止めません。,支配（Dominate）、堅牢（Fortitude）、威厳（Presence）の3つの訓えを標準で習得可能です。,フォーティチュード (堅牢・不屈),肉体を岩石や防弾板のように硬化させ、痛みや傷を瞬時に克服し、日光や致死ダメージにすら耐え抜く不死の耐久力の訓え。,2,武器砕き (Shatter Weapon),2-dot Physical Fortitude,リアクション (Reaction),肉体: 持久力 (Stamina),1ヴィータイ (1 Vitae),なし (None),術者自身 (Self),即時 (Instant),武器で殴打された際、その衝撃を跳ね返して武器を粉砕する。,近接武器による攻撃を受けた際、その衝撃エネルギーをそのまま攻撃者の武器へと跳ね返し、接触した武器を瞬時に粉々に砕き散らす。,"•••: 超自然の魔法や魔力を帯びた武器すらも粉砕できる。
•••••: 受けた攻撃ダメージをそのまま攻撃者へと反射する。","When struck by a melee weapon, the force rebounds, shattering the weapon into fragments.","•••: Shatters enchanted weapons.
•••••: Reflects damage back to attacker."
ヴェントルー,Ventrue,支配することは、我らの生得の権利であり最大の重責である。,ヘッジファンド代表、政界のロビイスト、伝統ある名家の後継者、マフィアのボス、冷徹な軍事指揮官,「王の氏族」と呼ばれるヴェントルーは、統治こそが血統と歴史によって自らに課せられた天命であり、最大の義務であると信じています。吸血鬼社会の法と秩序（マスカレード）を守り、混沌の中で組織を率いて導く重責を誇り高く背負います。彼らは大企業、金融帝国、政治機構、司法組織を背後から掌握し、貴族的な自負と揺るぎなき意志の力で頂点に君臨し続けます。,優越者 / 君主の特権 (Ruler's Prerogative): 他者からの服従と自らの優越的立場の承認を求めます。部下が遵守する命令を下し、支配領域を拡大し、不服従の者を屈服させることで獣を満たします。,洗練されすぎた味覚 (Rarefied Palate): 血が特定の厳格な基準（例：特定血統、特定の思想、貴族の末裔、軍高官など）を満たす獲物以外の血を拒絶します。条件外の獲物から吸血した場合、血を激しく吐き戻して栄養を得られません。,傲慢 (Arrogance): 貴族的な誇りが暴君の激怒へと変貌します。その場にいる全員に即座の服従と平伏を要求し、頭を下げない者に対して自らの覇権が認められるまで攻撃を止めません。,支配（Dominate）、堅牢（Fortitude）、威厳（Presence）の3つの訓えを標準で習得可能です。,フォーティチュード (堅牢・不屈),肉体を岩石や防弾板のように硬化させ、痛みや傷を瞬時に克服し、日光や致死ダメージにすら耐え抜く不死の耐久力の訓え。,3,装甲要塞 (Armored Fortress),3-dot Physical Fortitude,アクション (Action),肉体: 持久力 (Stamina),2ヴィータイ (2 Vitae),なし (None),術者自身 (Self),1シーン (One scene),全身を不壊のダイヤモンドのように硬化し、受ける全ダメージを半減する。,全身の肉体を金剛石のごとく硬化させ、あらゆる出所から受けるすべてのダメージを半分に切り捨てる。,•••••: いかなる攻撃に対しても、受けるダメージの最初の3ポイントを完全に無視する。,Skin turns into impenetrable impenetrable diamond. Halve all incoming damage from all sources.,•••••: Ignore the first 3 points of any damage.
ヴェントルー,Ventrue,支配することは、我らの生得の権利であり最大の重責である。,ヘッジファンド代表、政界のロビイスト、伝統ある名家の後継者、マフィアのボス、冷徹な軍事指揮官,「王の氏族」と呼ばれるヴェントルーは、統治こそが血統と歴史によって自らに課せられた天命であり、最大の義務であると信じています。吸血鬼社会の法と秩序（マスカレード）を守り、混沌の中で組織を率いて導く重責を誇り高く背負います。彼らは大企業、金融帝国、政治機構、司法組織を背後から掌握し、貴族的な自負と揺るぎなき意志の力で頂点に君臨し続けます。,優越者 / 君主の特権 (Ruler's Prerogative): 他者からの服従と自らの優越的立場の承認を求めます。部下が遵守する命令を下し、支配領域を拡大し、不服従の者を屈服させることで獣を満たします。,洗練されすぎた味覚 (Rarefied Palate): 血が特定の厳格な基準（例：特定血統、特定の思想、貴族の末裔、軍高官など）を満たす獲物以外の血を拒絶します。条件外の獲物から吸血した場合、血を激しく吐き戻して栄養を得られません。,傲慢 (Arrogance): 貴族的な誇りが暴君の激怒へと変貌します。その場にいる全員に即座の服従と平伏を要求し、頭を下げない者に対して自らの覇権が認められるまで攻撃を止めません。,支配（Dominate）、堅牢（Fortitude）、威厳（Presence）の3つの訓えを標準で習得可能です。,フォーティチュード (堅牢・不屈),肉体を岩石や防弾板のように硬化させ、痛みや傷を瞬時に克服し、日光や致死ダメージにすら耐え抜く不死の耐久力の訓え。,3,不滅の生命力 (Undying Vitality),3-dot Physical Fortitude,リアクション (Reaction),肉体: 持久力 (Stamina),2ヴィータイ (2 Vitae),なし (None),術者自身 (Self),永続 (Permanent),首を刎ねられたり肉体を粉砕されても休眠し、時を経て蘇生する。,首を切断されたり、肉体が粉砕・焼失させられたとしても、血液が休眠（トーパー）にしがみつき、死を拒絶して時間をかけてゆっくりと肉体を再生させる。,•••••: 何世紀もの眠りではなく、わずか数夜のうちに休眠から蘇生する。,"Even if body is crushed or incinerated, your blood clings to torpor and slowly regenerates over time.",•••••: Awaken from torpor in nights rather than centuries.
ヴェントルー,Ventrue,支配することは、我らの生得の権利であり最大の重責である。,ヘッジファンド代表、政界のロビイスト、伝統ある名家の後継者、マフィアのボス、冷徹な軍事指揮官,「王の氏族」と呼ばれるヴェントルーは、統治こそが血統と歴史によって自らに課せられた天命であり、最大の義務であると信じています。吸血鬼社会の法と秩序（マスカレード）を守り、混沌の中で組織を率いて導く重責を誇り高く背負います。彼らは大企業、金融帝国、政治機構、司法組織を背後から掌握し、貴族的な自負と揺るぎなき意志の力で頂点に君臨し続けます。,優越者 / 君主の特権 (Ruler's Prerogative): 他者からの服従と自らの優越的立場の承認を求めます。部下が遵守する命令を下し、支配領域を拡大し、不服従の者を屈服させることで獣を満たします。,洗練されすぎた味覚 (Rarefied Palate): 血が特定の厳格な基準（例：特定血統、特定の思想、貴族の末裔、軍高官など）を満たす獲物以外の血を拒絶します。条件外の獲物から吸血した場合、血を激しく吐き戻して栄養を得られません。,傲慢 (Arrogance): 貴族的な誇りが暴君の激怒へと変貌します。その場にいる全員に即座の服従と平伏を要求し、頭を下げない者に対して自らの覇権が認められるまで攻撃を止めません。,支配（Dominate）、堅牢（Fortitude）、威厳（Presence）の3つの訓えを標準で習得可能です。,プレゼンス (威厳・魅了),自らのカリスマとオーラを増幅させ、周囲の者を畏怖させ、魅了し、心酔させて狂乱をも鎮める社交と感情操作の訓え。,1,畏怖のオーラ (Awe),1-dot Social Presence,アクション (Action),社会: カリスマ (Charisma),なし (None),対象の平静 (Target's Composure),近距離 (Near),1シーン (One scene),圧倒的なカリスマを放ち、周囲の者を魅了して反抗心を奪う。,強烈な超自然的オーラを放ち、周囲の視線と関心を一身に集める。目撃者は術者の魅力に心を奪われ、発言の一言一句に聞き惚れて敵対心を失う。,なし,"Radiate intense supernatural allure. Onlookers are captivated, hanging on your every word.",None
ヴェントルー,Ventrue,支配することは、我らの生得の権利であり最大の重責である。,ヘッジファンド代表、政界のロビイスト、伝統ある名家の後継者、マフィアのボス、冷徹な軍事指揮官,「王の氏族」と呼ばれるヴェントルーは、統治こそが血統と歴史によって自らに課せられた天命であり、最大の義務であると信じています。吸血鬼社会の法と秩序（マスカレード）を守り、混沌の中で組織を率いて導く重責を誇り高く背負います。彼らは大企業、金融帝国、政治機構、司法組織を背後から掌握し、貴族的な自負と揺るぎなき意志の力で頂点に君臨し続けます。,優越者 / 君主の特権 (Ruler's Prerogative): 他者からの服従と自らの優越的立場の承認を求めます。部下が遵守する命令を下し、支配領域を拡大し、不服従の者を屈服させることで獣を満たします。,洗練されすぎた味覚 (Rarefied Palate): 血が特定の厳格な基準（例：特定血統、特定の思想、貴族の末裔、軍高官など）を満たす獲物以外の血を拒絶します。条件外の獲物から吸血した場合、血を激しく吐き戻して栄養を得られません。,傲慢 (Arrogance): 貴族的な誇りが暴君の激怒へと変貌します。その場にいる全員に即座の服従と平伏を要求し、頭を下げない者に対して自らの覇権が認められるまで攻撃を止めません。,支配（Dominate）、堅牢（Fortitude）、威厳（Presence）の3つの訓えを標準で習得可能です。,プレゼンス (威厳・魅了),自らのカリスマとオーラを増幅させ、周囲の者を畏怖させ、魅了し、心酔させて狂乱をも鎮める社交と感情操作の訓え。,1,威圧の眼差し (Dread Gaze),1-dot Social Presence,アクション (Action),社会: カリスマ (Charisma),なし (None),対象の平静 (Target's Composure),視線が通る距離 (Line of sight),1シーン (One scene),捕食者の威容を眼差しで示し、対象を恐怖に震え上がらせて逃走させる。,魂の奥底に潜む恐るべき怪物の本質を一瞥によって露わにし、指定した対象を盲目的な恐怖に陥れてその場から逃走させる。,"•••: 対象が恐怖のあまりその場に硬直・麻痺する。
•••••: 対象が恐怖で失神するか、心停止ショックを起こす。","Reveal the monstrous predator within your soul, sending a chosen target fleeing in blind terror.","•••: Target is paralyzed with dread.
•••••: Target faints or suffers heart attack."
ヴェントルー,Ventrue,支配することは、我らの生得の権利であり最大の重責である。,ヘッジファンド代表、政界のロビイスト、伝統ある名家の後継者、マフィアのボス、冷徹な軍事指揮官,「王の氏族」と呼ばれるヴェントルーは、統治こそが血統と歴史によって自らに課せられた天命であり、最大の義務であると信じています。吸血鬼社会の法と秩序（マスカレード）を守り、混沌の中で組織を率いて導く重責を誇り高く背負います。彼らは大企業、金融帝国、政治機構、司法組織を背後から掌握し、貴族的な自負と揺るぎなき意志の力で頂点に君臨し続けます。,優越者 / 君主の特権 (Ruler's Prerogative): 他者からの服従と自らの優越的立場の承認を求めます。部下が遵守する命令を下し、支配領域を拡大し、不服従の者を屈服させることで獣を満たします。,洗練されすぎた味覚 (Rarefied Palate): 血が特定の厳格な基準（例：特定血統、特定の思想、貴族の末裔、軍高官など）を満たす獲物以外の血を拒絶します。条件外の獲物から吸血した場合、血を激しく吐き戻して栄養を得られません。,傲慢 (Arrogance): 貴族的な誇りが暴君の激怒へと変貌します。その場にいる全員に即座の服従と平伏を要求し、頭を下げない者に対して自らの覇権が認められるまで攻撃を止めません。,支配（Dominate）、堅牢（Fortitude）、威厳（Presence）の3つの訓えを標準で習得可能です。,プレゼンス (威厳・魅了),自らのカリスマとオーラを増幅させ、周囲の者を畏怖させ、魅了し、心酔させて狂乱をも鎮める社交と感情操作の訓え。,1,情動の増幅 (Impassion),1-dot Social Presence,アクション (Action),社会: カリスマ (Charisma),1ヴィータイ (1 Vitae),対象の平静 (Target's Composure),近距離 (Near),1シーン (One scene),対象の特定の感情（怒り、愛欲、悲哀、狂喜等）を強烈に煽り立てる。,対象の特定の感情（激怒、情欲、悲嘆、歓喜など）を増幅・刺激し、理性を失わせて衝動的な行動へと駆り立てる。,"•••: 単一の対象だけでなく、群衆全体に感情を波及させる。
•••••: 対象を狂信的な行動へと駆り立てる。","Amplify a specific emotion (rage, lust, grief, joy) in a target, driving them to erratic behavior.","•••: Affects crowds.
•••••: Drives target to fanatical action."
ヴェントルー,Ventrue,支配することは、我らの生得の権利であり最大の重責である。,ヘッジファンド代表、政界のロビイスト、伝統ある名家の後継者、マフィアのボス、冷徹な軍事指揮官,「王の氏族」と呼ばれるヴェントルーは、統治こそが血統と歴史によって自らに課せられた天命であり、最大の義務であると信じています。吸血鬼社会の法と秩序（マスカレード）を守り、混沌の中で組織を率いて導く重責を誇り高く背負います。彼らは大企業、金融帝国、政治機構、司法組織を背後から掌握し、貴族的な自負と揺るぎなき意志の力で頂点に君臨し続けます。,優越者 / 君主の特権 (Ruler's Prerogative): 他者からの服従と自らの優越的立場の承認を求めます。部下が遵守する命令を下し、支配領域を拡大し、不服従の者を屈服させることで獣を満たします。,洗練されすぎた味覚 (Rarefied Palate): 血が特定の厳格な基準（例：特定血統、特定の思想、貴族の末裔、軍高官など）を満たす獲物以外の血を拒絶します。条件外の獲物から吸血した場合、血を激しく吐き戻して栄養を得られません。,傲慢 (Arrogance): 貴族的な誇りが暴君の激怒へと変貌します。その場にいる全員に即座の服従と平伏を要求し、頭を下げない者に対して自らの覇権が認められるまで攻撃を止めません。,支配（Dominate）、堅牢（Fortitude）、威厳（Presence）の3つの訓えを標準で習得可能です。,プレゼンス (威厳・魅了),自らのカリスマとオーラを増幅させ、周囲の者を畏怖させ、魅了し、心酔させて狂乱をも鎮める社交と感情操作の訓え。,2,魅惑の視線 (Captivating Gaze),2-dot Social Presence,アクション (Action),社会: カリスマ (Charisma),1ヴィータイ (1 Vitae),対象の決意 (Target's Resolve),アイコンタクト/目を合わせた状態 (Eye contact),集中維持中 (Sustained),強烈な見つめ合いで対象をその場に硬直させ、発言や行動を封じる。,対象と視線を交差させ、その場に釘付けにする。術者が視線を維持している限り、対象は一歩も動けず、声を発することもできない。,"•••: 簡単な手招きや身振りによって対象を誘導できる。
•••••: 対象を深い催眠トランス状態に沈め込む。","Lock eyes with a victim, freezing them in place. They cannot move or speak as long as you maintain eye contact.","•••: Target obeys simple hand gestures.
•••••: Target falls into deep trance."
ヴェントルー,Ventrue,支配することは、我らの生得の権利であり最大の重責である。,ヘッジファンド代表、政界のロビイスト、伝統ある名家の後継者、マフィアのボス、冷徹な軍事指揮官,「王の氏族」と呼ばれるヴェントルーは、統治こそが血統と歴史によって自らに課せられた天命であり、最大の義務であると信じています。吸血鬼社会の法と秩序（マスカレード）を守り、混沌の中で組織を率いて導く重責を誇り高く背負います。彼らは大企業、金融帝国、政治機構、司法組織を背後から掌握し、貴族的な自負と揺るぎなき意志の力で頂点に君臨し続けます。,優越者 / 君主の特権 (Ruler's Prerogative): 他者からの服従と自らの優越的立場の承認を求めます。部下が遵守する命令を下し、支配領域を拡大し、不服従の者を屈服させることで獣を満たします。,洗練されすぎた味覚 (Rarefied Palate): 血が特定の厳格な基準（例：特定血統、特定の思想、貴族の末裔、軍高官など）を満たす獲物以外の血を拒絶します。条件外の獲物から吸血した場合、血を激しく吐き戻して栄養を得られません。,傲慢 (Arrogance): 貴族的な誇りが暴君の激怒へと変貌します。その場にいる全員に即座の服従と平伏を要求し、頭を下げない者に対して自らの覇権が認められるまで攻撃を止めません。,支配（Dominate）、堅牢（Fortitude）、威厳（Presence）の3つの訓えを標準で習得可能です。,プレゼンス (威厳・魅了),自らのカリスマとオーラを増幅させ、周囲の者を畏怖させ、魅了し、心酔させて狂乱をも鎮める社交と感情操作の訓え。,2,平穏の回復 (Compose Yourself),2-dot Social Presence,アクション (Action),社会: カリスマ (Charisma),意志力1点 (1 Willpower),なし (None),接触 (Touch),1シーン (One scene),触れた味方の恐怖や狂乱を瞬時に鎮め、冷静さを取り戻させる。,味方に手を触れることで、恐怖狂乱や激怒狂乱に陥っている対象を即座に正気に引き戻し、平穏と自制心を回復させる。,"•••: 人間に超自然的な勇気と平穏を植え付ける。
•••••: 失われた意志力（Willpower）を回復させる。","Touch an ally to immediately snap them out of terror or frenzy, restoring their calm and composure.","•••: Instills unnatural bravery in mortals.
•••••: Restores lost Willpower."
ヴェントルー,Ventrue,支配することは、我らの生得の権利であり最大の重責である。,ヘッジファンド代表、政界のロビイスト、伝統ある名家の後継者、マフィアのボス、冷徹な軍事指揮官,「王の氏族」と呼ばれるヴェントルーは、統治こそが血統と歴史によって自らに課せられた天命であり、最大の義務であると信じています。吸血鬼社会の法と秩序（マスカレード）を守り、混沌の中で組織を率いて導く重責を誇り高く背負います。彼らは大企業、金融帝国、政治機構、司法組織を背後から掌握し、貴族的な自負と揺るぎなき意志の力で頂点に君臨し続けます。,優越者 / 君主の特権 (Ruler's Prerogative): 他者からの服従と自らの優越的立場の承認を求めます。部下が遵守する命令を下し、支配領域を拡大し、不服従の者を屈服させることで獣を満たします。,洗練されすぎた味覚 (Rarefied Palate): 血が特定の厳格な基準（例：特定血統、特定の思想、貴族の末裔、軍高官など）を満たす獲物以外の血を拒絶します。条件外の獲物から吸血した場合、血を激しく吐き戻して栄養を得られません。,傲慢 (Arrogance): 貴族的な誇りが暴君の激怒へと変貌します。その場にいる全員に即座の服従と平伏を要求し、頭を下げない者に対して自らの覇権が認められるまで攻撃を止めません。,支配（Dominate）、堅牢（Fortitude）、威厳（Presence）の3つの訓えを標準で習得可能です。,プレゼンス (威厳・魅了),自らのカリスマとオーラを増幅させ、周囲の者を畏怖させ、魅了し、心酔させて狂乱をも鎮める社交と感情操作の訓え。,2,残留する存在感 (Lingering Presence),2-dot Social Presence,アクション (Action),社会: 操作力 (Manipulation),1ヴィータイ (1 Vitae),なし (None),接触 (Touch),1夜 (One night),部屋や場所に畏怖や魅了のオーラを刻印し、退室後も影響を与える。,退室後も長時間にわたり、自らのカリスマや恐怖の残留オーラをその場所に残し、足を踏み入れた者に影響を与える。,なし,Leave an aura of awe or fear in a room that affects anyone who enters hours after you leave.,None
ヴェントルー,Ventrue,支配することは、我らの生得の権利であり最大の重責である。,ヘッジファンド代表、政界のロビイスト、伝統ある名家の後継者、マフィアのボス、冷徹な軍事指揮官,「王の氏族」と呼ばれるヴェントルーは、統治こそが血統と歴史によって自らに課せられた天命であり、最大の義務であると信じています。吸血鬼社会の法と秩序（マスカレード）を守り、混沌の中で組織を率いて導く重責を誇り高く背負います。彼らは大企業、金融帝国、政治機構、司法組織を背後から掌握し、貴族的な自負と揺るぎなき意志の力で頂点に君臨し続けます。,優越者 / 君主の特権 (Ruler's Prerogative): 他者からの服従と自らの優越的立場の承認を求めます。部下が遵守する命令を下し、支配領域を拡大し、不服従の者を屈服させることで獣を満たします。,洗練されすぎた味覚 (Rarefied Palate): 血が特定の厳格な基準（例：特定血統、特定の思想、貴族の末裔、軍高官など）を満たす獲物以外の血を拒絶します。条件外の獲物から吸血した場合、血を激しく吐き戻して栄養を得られません。,傲慢 (Arrogance): 貴族的な誇りが暴君の激怒へと変貌します。その場にいる全員に即座の服従と平伏を要求し、頭を下げない者に対して自らの覇権が認められるまで攻撃を止めません。,支配（Dominate）、堅牢（Fortitude）、威厳（Presence）の3つの訓えを標準で習得可能です。,プレゼンス (威厳・魅了),自らのカリスマとオーラを増幅させ、周囲の者を畏怖させ、魅了し、心酔させて狂乱をも鎮める社交と感情操作の訓え。,3,心酔 (Entrancement),3-dot Social Presence,アクション (Action),社会: カリスマ (Charisma),2ヴィータイ (2 Vitae),対象の決意 (Target's Resolve),視線が通る距離 (Line of sight),1夜 (One night),対象を熱狂的な崇拝者に仕立て上げ、喜んで命令を聞き入れさせる。,対象の心を深く魅了し、術者を最も敬愛する存在として信奉させる。対象は術者からのあらゆる願いや要求を喜んで実行する。,•••••: 効果が数週間から数ヶ月間にわたって持続する。,"Enthrall a subject so deeply that they regard you as their most beloved idol, obeying requests gladly.",•••••: Lasts for weeks or months.
ヴェントルー,Ventrue,支配することは、我らの生得の権利であり最大の重責である。,ヘッジファンド代表、政界のロビイスト、伝統ある名家の後継者、マフィアのボス、冷徹な軍事指揮官,「王の氏族」と呼ばれるヴェントルーは、統治こそが血統と歴史によって自らに課せられた天命であり、最大の義務であると信じています。吸血鬼社会の法と秩序（マスカレード）を守り、混沌の中で組織を率いて導く重責を誇り高く背負います。彼らは大企業、金融帝国、政治機構、司法組織を背後から掌握し、貴族的な自負と揺るぎなき意志の力で頂点に君臨し続けます。,優越者 / 君主の特権 (Ruler's Prerogative): 他者からの服従と自らの優越的立場の承認を求めます。部下が遵守する命令を下し、支配領域を拡大し、不服従の者を屈服させることで獣を満たします。,洗練されすぎた味覚 (Rarefied Palate): 血が特定の厳格な基準（例：特定血統、特定の思想、貴族の末裔、軍高官など）を満たす獲物以外の血を拒絶します。条件外の獲物から吸血した場合、血を激しく吐き戻して栄養を得られません。,傲慢 (Arrogance): 貴族的な誇りが暴君の激怒へと変貌します。その場にいる全員に即座の服従と平伏を要求し、頭を下げない者に対して自らの覇権が認められるまで攻撃を止めません。,支配（Dominate）、堅牢（Fortitude）、威厳（Presence）の3つの訓えを標準で習得可能です。,プレゼンス (威厳・魅了),自らのカリスマとオーラを増幅させ、周囲の者を畏怖させ、魅了し、心酔させて狂乱をも鎮める社交と感情操作の訓え。,3,威風堂々 (Majesty),3-dot Social Presence,アクション (Action),社会: カリスマ (Charisma),2ヴィータイ (2 Vitae),対象の決意 (Target's Resolve),近距離 (Near),1シーン (One scene),神のごとき威厳を放ち、何者も攻撃や侮辱を行えないように屈服させる。,超越的かつ恐るべき神性のオーラを身に纏う。圧倒的な畏怖を克服するテストに成功しない限り、何者も術者を攻撃したり侮辱したりすることができない。,•••••: 人間がその場にひれ伏して平伏する。,"Assume an aura of transcendent, terrible divinity. No one can attack or insult you without overcoming crushing awe.",•••••: Mortals fall prostrate on the ground.
